
 /----------------------------------------------------------------------------\
 |  yosys -- Yosys Open SYnthesis Suite                                       |
 |  Copyright (C) 2012 - 2026  Claire Xenia Wolf <claire@yosyshq.com>         |
 |  Distributed under an ISC-like license, type "license" to see terms        |
 \----------------------------------------------------------------------------/
 Yosys 0.63+161 (git sha1 5fd39ff3e, clang++ 18.1.8 -fPIC -O3)

-- Executing script file `design_prep.ys' --

1. Executing RTLIL frontend.
Input filename: design.il

2. Executing SCC pass (detecting logic loops).
Found 0 SCCs in module top_wrapper.
Found 0 SCCs.

3. Executing SIMPLEMAP pass (map simple cells to gate primitives).

4. Executing MEMORY_NORDFF pass (extracting $dff cells from memories).

5. Executing ASYNC2SYNC pass.

6. Executing OPT_CLEAN pass (remove unused cells and wires).
Finding unused cells or wires in module \top_wrapper..

7. Executing FORMALFF pass.

8. Executing OPT_CLEAN pass (remove unused cells and wires).
Finding unused cells or wires in module \top_wrapper..

9. Executing CHECK pass (checking for obvious problems).
Checking module top_wrapper...
Warning: Wire top_wrapper.\mux_func.sha.padder_.p0.byte_num [2] is used but has no driver.
Warning: Wire top_wrapper.\mux_func.sha.padder_.p0.byte_num [1] is used but has no driver.
Warning: Wire top_wrapper.\mux_func.sha.padder_.p0.byte_num [0] is used but has no driver.
Warning: Wire top_wrapper.\mux_func.sha.padder_.is_last is used but has no driver.
Warning: Wire top_wrapper.\mux_func.md5.newtext_i is used but has no driver.
Found and reported 5 problems.

10. Executing SETUNDEF pass (replace undef values with defined constants).

11. Executing OPT pass (performing simple optimizations).

11.1. Executing OPT_EXPR pass (perform const folding).
Optimizing module top_wrapper.
<suppressed ~4 debug messages>

11.2. Executing OPT_MERGE pass (detect identical cells).
Finding identical cells in module `\top_wrapper'.
Computing hashes of 24182 cells of `\top_wrapper'.
Finding duplicate cells in `\top_wrapper'.
Removed a total of 0 cells.

11.3. Executing OPT_DFF pass (perform DFF optimizations).
Setting constant 0-bit at position 0 on $auto$clk2fflogic.cc:108:sample_data$36356 ($ff) from module top_wrapper.
Setting constant 0-bit at position 1 on $auto$clk2fflogic.cc:108:sample_data$36356 ($ff) from module top_wrapper.
Setting constant 0-bit at position 2 on $auto$clk2fflogic.cc:108:sample_data$36356 ($ff) from module top_wrapper.
Setting constant 0-bit at position 3 on $auto$clk2fflogic.cc:108:sample_data$36356 ($ff) from module top_wrapper.
Setting constant 0-bit at position 4 on $auto$clk2fflogic.cc:108:sample_data$36356 ($ff) from module top_wrapper.
Setting constant 0-bit at position 5 on $auto$clk2fflogic.cc:108:sample_data$36356 ($ff) from module top_wrapper.
Setting constant 0-bit at position 6 on $auto$clk2fflogic.cc:108:sample_data$36356 ($ff) from module top_wrapper.
Setting constant 0-bit at position 7 on $auto$clk2fflogic.cc:108:sample_data$36356 ($ff) from module top_wrapper.
Setting constant 0-bit at position 8 on $auto$clk2fflogic.cc:108:sample_data$36356 ($ff) from module top_wrapper.
Setting constant 0-bit at position 9 on $auto$clk2fflogic.cc:108:sample_data$36356 ($ff) from module top_wrapper.
Setting constant 0-bit at position 10 on $auto$clk2fflogic.cc:108:sample_data$36356 ($ff) from module top_wrapper.
Setting constant 0-bit at position 11 on $auto$clk2fflogic.cc:108:sample_data$36356 ($ff) from module top_wrapper.
Setting constant 0-bit at position 12 on $auto$clk2fflogic.cc:108:sample_data$36356 ($ff) from module top_wrapper.
Setting constant 0-bit at position 13 on $auto$clk2fflogic.cc:108:sample_data$36356 ($ff) from module top_wrapper.
Setting constant 0-bit at position 14 on $auto$clk2fflogic.cc:108:sample_data$36356 ($ff) from module top_wrapper.
Setting constant 0-bit at position 15 on $auto$clk2fflogic.cc:108:sample_data$36356 ($ff) from module top_wrapper.
Setting constant 0-bit at position 16 on $auto$clk2fflogic.cc:108:sample_data$36356 ($ff) from module top_wrapper.
Setting constant 0-bit at position 17 on $auto$clk2fflogic.cc:108:sample_data$36356 ($ff) from module top_wrapper.
Setting constant 0-bit at position 18 on $auto$clk2fflogic.cc:108:sample_data$36356 ($ff) from module top_wrapper.
Setting constant 0-bit at position 19 on $auto$clk2fflogic.cc:108:sample_data$36356 ($ff) from module top_wrapper.
Setting constant 0-bit at position 20 on $auto$clk2fflogic.cc:108:sample_data$36356 ($ff) from module top_wrapper.
Setting constant 0-bit at position 21 on $auto$clk2fflogic.cc:108:sample_data$36356 ($ff) from module top_wrapper.
Setting constant 0-bit at position 22 on $auto$clk2fflogic.cc:108:sample_data$36356 ($ff) from module top_wrapper.
Setting constant 0-bit at position 23 on $auto$clk2fflogic.cc:108:sample_data$36356 ($ff) from module top_wrapper.
Setting constant 0-bit at position 24 on $auto$clk2fflogic.cc:108:sample_data$36356 ($ff) from module top_wrapper.
Setting constant 0-bit at position 25 on $auto$clk2fflogic.cc:108:sample_data$36356 ($ff) from module top_wrapper.
Setting constant 0-bit at position 26 on $auto$clk2fflogic.cc:108:sample_data$36356 ($ff) from module top_wrapper.
Setting constant 0-bit at position 27 on $auto$clk2fflogic.cc:108:sample_data$36356 ($ff) from module top_wrapper.
Setting constant 0-bit at position 28 on $auto$clk2fflogic.cc:108:sample_data$36356 ($ff) from module top_wrapper.
Setting constant 0-bit at position 29 on $auto$clk2fflogic.cc:108:sample_data$36356 ($ff) from module top_wrapper.
Setting constant 0-bit at position 30 on $auto$clk2fflogic.cc:108:sample_data$36356 ($ff) from module top_wrapper.
Setting constant 0-bit at position 31 on $auto$clk2fflogic.cc:108:sample_data$36356 ($ff) from module top_wrapper.
Setting constant 0-bit at position 32 on $auto$clk2fflogic.cc:108:sample_data$36356 ($ff) from module top_wrapper.
Setting constant 0-bit at position 33 on $auto$clk2fflogic.cc:108:sample_data$36356 ($ff) from module top_wrapper.
Setting constant 0-bit at position 34 on $auto$clk2fflogic.cc:108:sample_data$36356 ($ff) from module top_wrapper.
Setting constant 0-bit at position 35 on $auto$clk2fflogic.cc:108:sample_data$36356 ($ff) from module top_wrapper.
Setting constant 0-bit at position 36 on $auto$clk2fflogic.cc:108:sample_data$36356 ($ff) from module top_wrapper.
Setting constant 0-bit at position 37 on $auto$clk2fflogic.cc:108:sample_data$36356 ($ff) from module top_wrapper.
Setting constant 0-bit at position 38 on $auto$clk2fflogic.cc:108:sample_data$36356 ($ff) from module top_wrapper.
Setting constant 0-bit at position 39 on $auto$clk2fflogic.cc:108:sample_data$36356 ($ff) from module top_wrapper.
Setting constant 0-bit at position 40 on $auto$clk2fflogic.cc:108:sample_data$36356 ($ff) from module top_wrapper.
Setting constant 0-bit at position 41 on $auto$clk2fflogic.cc:108:sample_data$36356 ($ff) from module top_wrapper.
Setting constant 0-bit at position 42 on $auto$clk2fflogic.cc:108:sample_data$36356 ($ff) from module top_wrapper.
Setting constant 0-bit at position 43 on $auto$clk2fflogic.cc:108:sample_data$36356 ($ff) from module top_wrapper.
Setting constant 0-bit at position 44 on $auto$clk2fflogic.cc:108:sample_data$36356 ($ff) from module top_wrapper.
Setting constant 0-bit at position 45 on $auto$clk2fflogic.cc:108:sample_data$36356 ($ff) from module top_wrapper.
Setting constant 0-bit at position 46 on $auto$clk2fflogic.cc:108:sample_data$36356 ($ff) from module top_wrapper.
Setting constant 0-bit at position 47 on $auto$clk2fflogic.cc:108:sample_data$36356 ($ff) from module top_wrapper.
Setting constant 0-bit at position 48 on $auto$clk2fflogic.cc:108:sample_data$36356 ($ff) from module top_wrapper.
Setting constant 0-bit at position 49 on $auto$clk2fflogic.cc:108:sample_data$36356 ($ff) from module top_wrapper.
Setting constant 0-bit at position 50 on $auto$clk2fflogic.cc:108:sample_data$36356 ($ff) from module top_wrapper.
Setting constant 0-bit at position 51 on $auto$clk2fflogic.cc:108:sample_data$36356 ($ff) from module top_wrapper.
Setting constant 0-bit at position 52 on $auto$clk2fflogic.cc:108:sample_data$36356 ($ff) from module top_wrapper.
Setting constant 0-bit at position 53 on $auto$clk2fflogic.cc:108:sample_data$36356 ($ff) from module top_wrapper.
Setting constant 0-bit at position 54 on $auto$clk2fflogic.cc:108:sample_data$36356 ($ff) from module top_wrapper.
Setting constant 0-bit at position 55 on $auto$clk2fflogic.cc:108:sample_data$36356 ($ff) from module top_wrapper.
Setting constant 0-bit at position 56 on $auto$clk2fflogic.cc:108:sample_data$36356 ($ff) from module top_wrapper.
Setting constant 0-bit at position 57 on $auto$clk2fflogic.cc:108:sample_data$36356 ($ff) from module top_wrapper.
Setting constant 0-bit at position 58 on $auto$clk2fflogic.cc:108:sample_data$36356 ($ff) from module top_wrapper.
Setting constant 0-bit at position 59 on $auto$clk2fflogic.cc:108:sample_data$36356 ($ff) from module top_wrapper.
Setting constant 0-bit at position 60 on $auto$clk2fflogic.cc:108:sample_data$36356 ($ff) from module top_wrapper.
Setting constant 0-bit at position 61 on $auto$clk2fflogic.cc:108:sample_data$36356 ($ff) from module top_wrapper.
Setting constant 0-bit at position 62 on $auto$clk2fflogic.cc:108:sample_data$36356 ($ff) from module top_wrapper.
Setting constant 0-bit at position 63 on $auto$clk2fflogic.cc:108:sample_data$36356 ($ff) from module top_wrapper.
Setting constant 0-bit at position 64 on $auto$clk2fflogic.cc:108:sample_data$36356 ($ff) from module top_wrapper.
Setting constant 0-bit at position 65 on $auto$clk2fflogic.cc:108:sample_data$36356 ($ff) from module top_wrapper.
Setting constant 0-bit at position 66 on $auto$clk2fflogic.cc:108:sample_data$36356 ($ff) from module top_wrapper.
Setting constant 0-bit at position 67 on $auto$clk2fflogic.cc:108:sample_data$36356 ($ff) from module top_wrapper.
Setting constant 0-bit at position 68 on $auto$clk2fflogic.cc:108:sample_data$36356 ($ff) from module top_wrapper.
Setting constant 0-bit at position 69 on $auto$clk2fflogic.cc:108:sample_data$36356 ($ff) from module top_wrapper.
Setting constant 0-bit at position 70 on $auto$clk2fflogic.cc:108:sample_data$36356 ($ff) from module top_wrapper.
Setting constant 0-bit at position 71 on $auto$clk2fflogic.cc:108:sample_data$36356 ($ff) from module top_wrapper.
Setting constant 0-bit at position 72 on $auto$clk2fflogic.cc:108:sample_data$36356 ($ff) from module top_wrapper.
Setting constant 0-bit at position 73 on $auto$clk2fflogic.cc:108:sample_data$36356 ($ff) from module top_wrapper.
Setting constant 0-bit at position 74 on $auto$clk2fflogic.cc:108:sample_data$36356 ($ff) from module top_wrapper.
Setting constant 0-bit at position 75 on $auto$clk2fflogic.cc:108:sample_data$36356 ($ff) from module top_wrapper.
Setting constant 0-bit at position 76 on $auto$clk2fflogic.cc:108:sample_data$36356 ($ff) from module top_wrapper.
Setting constant 0-bit at position 77 on $auto$clk2fflogic.cc:108:sample_data$36356 ($ff) from module top_wrapper.
Setting constant 0-bit at position 78 on $auto$clk2fflogic.cc:108:sample_data$36356 ($ff) from module top_wrapper.
Setting constant 0-bit at position 79 on $auto$clk2fflogic.cc:108:sample_data$36356 ($ff) from module top_wrapper.
Setting constant 0-bit at position 80 on $auto$clk2fflogic.cc:108:sample_data$36356 ($ff) from module top_wrapper.
Setting constant 0-bit at position 81 on $auto$clk2fflogic.cc:108:sample_data$36356 ($ff) from module top_wrapper.
Setting constant 0-bit at position 82 on $auto$clk2fflogic.cc:108:sample_data$36356 ($ff) from module top_wrapper.
Setting constant 0-bit at position 83 on $auto$clk2fflogic.cc:108:sample_data$36356 ($ff) from module top_wrapper.
Setting constant 0-bit at position 84 on $auto$clk2fflogic.cc:108:sample_data$36356 ($ff) from module top_wrapper.
Setting constant 0-bit at position 85 on $auto$clk2fflogic.cc:108:sample_data$36356 ($ff) from module top_wrapper.
Setting constant 0-bit at position 86 on $auto$clk2fflogic.cc:108:sample_data$36356 ($ff) from module top_wrapper.
Setting constant 0-bit at position 87 on $auto$clk2fflogic.cc:108:sample_data$36356 ($ff) from module top_wrapper.
Setting constant 0-bit at position 88 on $auto$clk2fflogic.cc:108:sample_data$36356 ($ff) from module top_wrapper.
Setting constant 0-bit at position 89 on $auto$clk2fflogic.cc:108:sample_data$36356 ($ff) from module top_wrapper.
Setting constant 0-bit at position 90 on $auto$clk2fflogic.cc:108:sample_data$36356 ($ff) from module top_wrapper.
Setting constant 0-bit at position 91 on $auto$clk2fflogic.cc:108:sample_data$36356 ($ff) from module top_wrapper.
Setting constant 0-bit at position 92 on $auto$clk2fflogic.cc:108:sample_data$36356 ($ff) from module top_wrapper.
Setting constant 0-bit at position 93 on $auto$clk2fflogic.cc:108:sample_data$36356 ($ff) from module top_wrapper.
Setting constant 0-bit at position 94 on $auto$clk2fflogic.cc:108:sample_data$36356 ($ff) from module top_wrapper.
Setting constant 0-bit at position 95 on $auto$clk2fflogic.cc:108:sample_data$36356 ($ff) from module top_wrapper.
Setting constant 0-bit at position 96 on $auto$clk2fflogic.cc:108:sample_data$36356 ($ff) from module top_wrapper.
Setting constant 0-bit at position 97 on $auto$clk2fflogic.cc:108:sample_data$36356 ($ff) from module top_wrapper.
Setting constant 0-bit at position 98 on $auto$clk2fflogic.cc:108:sample_data$36356 ($ff) from module top_wrapper.
Setting constant 0-bit at position 99 on $auto$clk2fflogic.cc:108:sample_data$36356 ($ff) from module top_wrapper.
Setting constant 0-bit at position 100 on $auto$clk2fflogic.cc:108:sample_data$36356 ($ff) from module top_wrapper.
Setting constant 0-bit at position 101 on $auto$clk2fflogic.cc:108:sample_data$36356 ($ff) from module top_wrapper.
Setting constant 0-bit at position 102 on $auto$clk2fflogic.cc:108:sample_data$36356 ($ff) from module top_wrapper.
Setting constant 0-bit at position 103 on $auto$clk2fflogic.cc:108:sample_data$36356 ($ff) from module top_wrapper.
Setting constant 0-bit at position 104 on $auto$clk2fflogic.cc:108:sample_data$36356 ($ff) from module top_wrapper.
Setting constant 0-bit at position 105 on $auto$clk2fflogic.cc:108:sample_data$36356 ($ff) from module top_wrapper.
Setting constant 0-bit at position 106 on $auto$clk2fflogic.cc:108:sample_data$36356 ($ff) from module top_wrapper.
Setting constant 0-bit at position 107 on $auto$clk2fflogic.cc:108:sample_data$36356 ($ff) from module top_wrapper.
Setting constant 0-bit at position 108 on $auto$clk2fflogic.cc:108:sample_data$36356 ($ff) from module top_wrapper.
Setting constant 0-bit at position 109 on $auto$clk2fflogic.cc:108:sample_data$36356 ($ff) from module top_wrapper.
Setting constant 0-bit at position 110 on $auto$clk2fflogic.cc:108:sample_data$36356 ($ff) from module top_wrapper.
Setting constant 0-bit at position 111 on $auto$clk2fflogic.cc:108:sample_data$36356 ($ff) from module top_wrapper.
Setting constant 0-bit at position 112 on $auto$clk2fflogic.cc:108:sample_data$36356 ($ff) from module top_wrapper.
Setting constant 0-bit at position 113 on $auto$clk2fflogic.cc:108:sample_data$36356 ($ff) from module top_wrapper.
Setting constant 0-bit at position 114 on $auto$clk2fflogic.cc:108:sample_data$36356 ($ff) from module top_wrapper.
Setting constant 0-bit at position 115 on $auto$clk2fflogic.cc:108:sample_data$36356 ($ff) from module top_wrapper.
Setting constant 0-bit at position 116 on $auto$clk2fflogic.cc:108:sample_data$36356 ($ff) from module top_wrapper.
Setting constant 0-bit at position 117 on $auto$clk2fflogic.cc:108:sample_data$36356 ($ff) from module top_wrapper.
Setting constant 0-bit at position 118 on $auto$clk2fflogic.cc:108:sample_data$36356 ($ff) from module top_wrapper.
Setting constant 0-bit at position 119 on $auto$clk2fflogic.cc:108:sample_data$36356 ($ff) from module top_wrapper.
Setting constant 0-bit at position 120 on $auto$clk2fflogic.cc:108:sample_data$36356 ($ff) from module top_wrapper.
Setting constant 0-bit at position 121 on $auto$clk2fflogic.cc:108:sample_data$36356 ($ff) from module top_wrapper.
Setting constant 0-bit at position 122 on $auto$clk2fflogic.cc:108:sample_data$36356 ($ff) from module top_wrapper.
Setting constant 0-bit at position 123 on $auto$clk2fflogic.cc:108:sample_data$36356 ($ff) from module top_wrapper.
Setting constant 0-bit at position 124 on $auto$clk2fflogic.cc:108:sample_data$36356 ($ff) from module top_wrapper.
Setting constant 0-bit at position 125 on $auto$clk2fflogic.cc:108:sample_data$36356 ($ff) from module top_wrapper.
Setting constant 0-bit at position 126 on $auto$clk2fflogic.cc:108:sample_data$36356 ($ff) from module top_wrapper.
Setting constant 0-bit at position 127 on $auto$clk2fflogic.cc:108:sample_data$36356 ($ff) from module top_wrapper.
Setting constant 0-bit at position 128 on $auto$clk2fflogic.cc:108:sample_data$36356 ($ff) from module top_wrapper.
Setting constant 0-bit at position 129 on $auto$clk2fflogic.cc:108:sample_data$36356 ($ff) from module top_wrapper.
Setting constant 0-bit at position 130 on $auto$clk2fflogic.cc:108:sample_data$36356 ($ff) from module top_wrapper.
Setting constant 0-bit at position 131 on $auto$clk2fflogic.cc:108:sample_data$36356 ($ff) from module top_wrapper.
Setting constant 0-bit at position 132 on $auto$clk2fflogic.cc:108:sample_data$36356 ($ff) from module top_wrapper.
Setting constant 0-bit at position 133 on $auto$clk2fflogic.cc:108:sample_data$36356 ($ff) from module top_wrapper.
Setting constant 0-bit at position 134 on $auto$clk2fflogic.cc:108:sample_data$36356 ($ff) from module top_wrapper.
Setting constant 0-bit at position 135 on $auto$clk2fflogic.cc:108:sample_data$36356 ($ff) from module top_wrapper.
Setting constant 0-bit at position 136 on $auto$clk2fflogic.cc:108:sample_data$36356 ($ff) from module top_wrapper.
Setting constant 0-bit at position 137 on $auto$clk2fflogic.cc:108:sample_data$36356 ($ff) from module top_wrapper.
Setting constant 0-bit at position 138 on $auto$clk2fflogic.cc:108:sample_data$36356 ($ff) from module top_wrapper.
Setting constant 0-bit at position 139 on $auto$clk2fflogic.cc:108:sample_data$36356 ($ff) from module top_wrapper.
Setting constant 0-bit at position 140 on $auto$clk2fflogic.cc:108:sample_data$36356 ($ff) from module top_wrapper.
Setting constant 0-bit at position 141 on $auto$clk2fflogic.cc:108:sample_data$36356 ($ff) from module top_wrapper.
Setting constant 0-bit at position 142 on $auto$clk2fflogic.cc:108:sample_data$36356 ($ff) from module top_wrapper.
Setting constant 0-bit at position 143 on $auto$clk2fflogic.cc:108:sample_data$36356 ($ff) from module top_wrapper.
Setting constant 0-bit at position 144 on $auto$clk2fflogic.cc:108:sample_data$36356 ($ff) from module top_wrapper.
Setting constant 0-bit at position 145 on $auto$clk2fflogic.cc:108:sample_data$36356 ($ff) from module top_wrapper.
Setting constant 0-bit at position 146 on $auto$clk2fflogic.cc:108:sample_data$36356 ($ff) from module top_wrapper.
Setting constant 0-bit at position 147 on $auto$clk2fflogic.cc:108:sample_data$36356 ($ff) from module top_wrapper.
Setting constant 0-bit at position 148 on $auto$clk2fflogic.cc:108:sample_data$36356 ($ff) from module top_wrapper.
Setting constant 0-bit at position 149 on $auto$clk2fflogic.cc:108:sample_data$36356 ($ff) from module top_wrapper.
Setting constant 0-bit at position 150 on $auto$clk2fflogic.cc:108:sample_data$36356 ($ff) from module top_wrapper.
Setting constant 0-bit at position 151 on $auto$clk2fflogic.cc:108:sample_data$36356 ($ff) from module top_wrapper.
Setting constant 0-bit at position 152 on $auto$clk2fflogic.cc:108:sample_data$36356 ($ff) from module top_wrapper.
Setting constant 0-bit at position 153 on $auto$clk2fflogic.cc:108:sample_data$36356 ($ff) from module top_wrapper.
Setting constant 0-bit at position 154 on $auto$clk2fflogic.cc:108:sample_data$36356 ($ff) from module top_wrapper.
Setting constant 0-bit at position 155 on $auto$clk2fflogic.cc:108:sample_data$36356 ($ff) from module top_wrapper.
Setting constant 0-bit at position 156 on $auto$clk2fflogic.cc:108:sample_data$36356 ($ff) from module top_wrapper.
Setting constant 0-bit at position 157 on $auto$clk2fflogic.cc:108:sample_data$36356 ($ff) from module top_wrapper.
Setting constant 0-bit at position 158 on $auto$clk2fflogic.cc:108:sample_data$36356 ($ff) from module top_wrapper.
Setting constant 0-bit at position 159 on $auto$clk2fflogic.cc:108:sample_data$36356 ($ff) from module top_wrapper.
Setting constant 0-bit at position 160 on $auto$clk2fflogic.cc:108:sample_data$36356 ($ff) from module top_wrapper.
Setting constant 0-bit at position 161 on $auto$clk2fflogic.cc:108:sample_data$36356 ($ff) from module top_wrapper.
Setting constant 0-bit at position 162 on $auto$clk2fflogic.cc:108:sample_data$36356 ($ff) from module top_wrapper.
Setting constant 0-bit at position 163 on $auto$clk2fflogic.cc:108:sample_data$36356 ($ff) from module top_wrapper.
Setting constant 0-bit at position 164 on $auto$clk2fflogic.cc:108:sample_data$36356 ($ff) from module top_wrapper.
Setting constant 0-bit at position 165 on $auto$clk2fflogic.cc:108:sample_data$36356 ($ff) from module top_wrapper.
Setting constant 0-bit at position 166 on $auto$clk2fflogic.cc:108:sample_data$36356 ($ff) from module top_wrapper.
Setting constant 0-bit at position 167 on $auto$clk2fflogic.cc:108:sample_data$36356 ($ff) from module top_wrapper.
Setting constant 0-bit at position 168 on $auto$clk2fflogic.cc:108:sample_data$36356 ($ff) from module top_wrapper.
Setting constant 0-bit at position 169 on $auto$clk2fflogic.cc:108:sample_data$36356 ($ff) from module top_wrapper.
Setting constant 0-bit at position 170 on $auto$clk2fflogic.cc:108:sample_data$36356 ($ff) from module top_wrapper.
Setting constant 0-bit at position 171 on $auto$clk2fflogic.cc:108:sample_data$36356 ($ff) from module top_wrapper.
Setting constant 0-bit at position 172 on $auto$clk2fflogic.cc:108:sample_data$36356 ($ff) from module top_wrapper.
Setting constant 0-bit at position 173 on $auto$clk2fflogic.cc:108:sample_data$36356 ($ff) from module top_wrapper.
Setting constant 0-bit at position 174 on $auto$clk2fflogic.cc:108:sample_data$36356 ($ff) from module top_wrapper.
Setting constant 0-bit at position 175 on $auto$clk2fflogic.cc:108:sample_data$36356 ($ff) from module top_wrapper.
Setting constant 0-bit at position 176 on $auto$clk2fflogic.cc:108:sample_data$36356 ($ff) from module top_wrapper.
Setting constant 0-bit at position 177 on $auto$clk2fflogic.cc:108:sample_data$36356 ($ff) from module top_wrapper.
Setting constant 0-bit at position 178 on $auto$clk2fflogic.cc:108:sample_data$36356 ($ff) from module top_wrapper.
Setting constant 0-bit at position 179 on $auto$clk2fflogic.cc:108:sample_data$36356 ($ff) from module top_wrapper.
Setting constant 0-bit at position 180 on $auto$clk2fflogic.cc:108:sample_data$36356 ($ff) from module top_wrapper.
Setting constant 0-bit at position 181 on $auto$clk2fflogic.cc:108:sample_data$36356 ($ff) from module top_wrapper.
Setting constant 0-bit at position 182 on $auto$clk2fflogic.cc:108:sample_data$36356 ($ff) from module top_wrapper.
Setting constant 0-bit at position 183 on $auto$clk2fflogic.cc:108:sample_data$36356 ($ff) from module top_wrapper.
Setting constant 0-bit at position 184 on $auto$clk2fflogic.cc:108:sample_data$36356 ($ff) from module top_wrapper.
Setting constant 0-bit at position 185 on $auto$clk2fflogic.cc:108:sample_data$36356 ($ff) from module top_wrapper.
Setting constant 0-bit at position 186 on $auto$clk2fflogic.cc:108:sample_data$36356 ($ff) from module top_wrapper.
Setting constant 0-bit at position 187 on $auto$clk2fflogic.cc:108:sample_data$36356 ($ff) from module top_wrapper.
Setting constant 0-bit at position 188 on $auto$clk2fflogic.cc:108:sample_data$36356 ($ff) from module top_wrapper.
Setting constant 0-bit at position 189 on $auto$clk2fflogic.cc:108:sample_data$36356 ($ff) from module top_wrapper.
Setting constant 0-bit at position 190 on $auto$clk2fflogic.cc:108:sample_data$36356 ($ff) from module top_wrapper.
Setting constant 0-bit at position 191 on $auto$clk2fflogic.cc:108:sample_data$36356 ($ff) from module top_wrapper.
Setting constant 0-bit at position 192 on $auto$clk2fflogic.cc:108:sample_data$36356 ($ff) from module top_wrapper.
Setting constant 0-bit at position 193 on $auto$clk2fflogic.cc:108:sample_data$36356 ($ff) from module top_wrapper.
Setting constant 0-bit at position 194 on $auto$clk2fflogic.cc:108:sample_data$36356 ($ff) from module top_wrapper.
Setting constant 0-bit at position 195 on $auto$clk2fflogic.cc:108:sample_data$36356 ($ff) from module top_wrapper.
Setting constant 0-bit at position 196 on $auto$clk2fflogic.cc:108:sample_data$36356 ($ff) from module top_wrapper.
Setting constant 0-bit at position 197 on $auto$clk2fflogic.cc:108:sample_data$36356 ($ff) from module top_wrapper.
Setting constant 0-bit at position 198 on $auto$clk2fflogic.cc:108:sample_data$36356 ($ff) from module top_wrapper.
Setting constant 0-bit at position 199 on $auto$clk2fflogic.cc:108:sample_data$36356 ($ff) from module top_wrapper.
Setting constant 0-bit at position 200 on $auto$clk2fflogic.cc:108:sample_data$36356 ($ff) from module top_wrapper.
Setting constant 0-bit at position 201 on $auto$clk2fflogic.cc:108:sample_data$36356 ($ff) from module top_wrapper.
Setting constant 0-bit at position 202 on $auto$clk2fflogic.cc:108:sample_data$36356 ($ff) from module top_wrapper.
Setting constant 0-bit at position 203 on $auto$clk2fflogic.cc:108:sample_data$36356 ($ff) from module top_wrapper.
Setting constant 0-bit at position 204 on $auto$clk2fflogic.cc:108:sample_data$36356 ($ff) from module top_wrapper.
Setting constant 0-bit at position 205 on $auto$clk2fflogic.cc:108:sample_data$36356 ($ff) from module top_wrapper.
Setting constant 0-bit at position 206 on $auto$clk2fflogic.cc:108:sample_data$36356 ($ff) from module top_wrapper.
Setting constant 0-bit at position 207 on $auto$clk2fflogic.cc:108:sample_data$36356 ($ff) from module top_wrapper.
Setting constant 0-bit at position 208 on $auto$clk2fflogic.cc:108:sample_data$36356 ($ff) from module top_wrapper.
Setting constant 0-bit at position 209 on $auto$clk2fflogic.cc:108:sample_data$36356 ($ff) from module top_wrapper.
Setting constant 0-bit at position 210 on $auto$clk2fflogic.cc:108:sample_data$36356 ($ff) from module top_wrapper.
Setting constant 0-bit at position 211 on $auto$clk2fflogic.cc:108:sample_data$36356 ($ff) from module top_wrapper.
Setting constant 0-bit at position 212 on $auto$clk2fflogic.cc:108:sample_data$36356 ($ff) from module top_wrapper.
Setting constant 0-bit at position 213 on $auto$clk2fflogic.cc:108:sample_data$36356 ($ff) from module top_wrapper.
Setting constant 0-bit at position 214 on $auto$clk2fflogic.cc:108:sample_data$36356 ($ff) from module top_wrapper.
Setting constant 0-bit at position 215 on $auto$clk2fflogic.cc:108:sample_data$36356 ($ff) from module top_wrapper.
Setting constant 0-bit at position 216 on $auto$clk2fflogic.cc:108:sample_data$36356 ($ff) from module top_wrapper.
Setting constant 0-bit at position 217 on $auto$clk2fflogic.cc:108:sample_data$36356 ($ff) from module top_wrapper.
Setting constant 0-bit at position 218 on $auto$clk2fflogic.cc:108:sample_data$36356 ($ff) from module top_wrapper.
Setting constant 0-bit at position 219 on $auto$clk2fflogic.cc:108:sample_data$36356 ($ff) from module top_wrapper.
Setting constant 0-bit at position 220 on $auto$clk2fflogic.cc:108:sample_data$36356 ($ff) from module top_wrapper.
Setting constant 0-bit at position 221 on $auto$clk2fflogic.cc:108:sample_data$36356 ($ff) from module top_wrapper.
Setting constant 0-bit at position 222 on $auto$clk2fflogic.cc:108:sample_data$36356 ($ff) from module top_wrapper.
Setting constant 0-bit at position 223 on $auto$clk2fflogic.cc:108:sample_data$36356 ($ff) from module top_wrapper.
Setting constant 0-bit at position 224 on $auto$clk2fflogic.cc:108:sample_data$36356 ($ff) from module top_wrapper.
Setting constant 0-bit at position 225 on $auto$clk2fflogic.cc:108:sample_data$36356 ($ff) from module top_wrapper.
Setting constant 0-bit at position 226 on $auto$clk2fflogic.cc:108:sample_data$36356 ($ff) from module top_wrapper.
Setting constant 0-bit at position 227 on $auto$clk2fflogic.cc:108:sample_data$36356 ($ff) from module top_wrapper.
Setting constant 0-bit at position 228 on $auto$clk2fflogic.cc:108:sample_data$36356 ($ff) from module top_wrapper.
Setting constant 0-bit at position 229 on $auto$clk2fflogic.cc:108:sample_data$36356 ($ff) from module top_wrapper.
Setting constant 0-bit at position 230 on $auto$clk2fflogic.cc:108:sample_data$36356 ($ff) from module top_wrapper.
Setting constant 0-bit at position 231 on $auto$clk2fflogic.cc:108:sample_data$36356 ($ff) from module top_wrapper.
Setting constant 0-bit at position 232 on $auto$clk2fflogic.cc:108:sample_data$36356 ($ff) from module top_wrapper.
Setting constant 0-bit at position 233 on $auto$clk2fflogic.cc:108:sample_data$36356 ($ff) from module top_wrapper.
Setting constant 0-bit at position 234 on $auto$clk2fflogic.cc:108:sample_data$36356 ($ff) from module top_wrapper.
Setting constant 0-bit at position 235 on $auto$clk2fflogic.cc:108:sample_data$36356 ($ff) from module top_wrapper.
Setting constant 0-bit at position 236 on $auto$clk2fflogic.cc:108:sample_data$36356 ($ff) from module top_wrapper.
Setting constant 0-bit at position 237 on $auto$clk2fflogic.cc:108:sample_data$36356 ($ff) from module top_wrapper.
Setting constant 0-bit at position 238 on $auto$clk2fflogic.cc:108:sample_data$36356 ($ff) from module top_wrapper.
Setting constant 0-bit at position 239 on $auto$clk2fflogic.cc:108:sample_data$36356 ($ff) from module top_wrapper.
Setting constant 0-bit at position 240 on $auto$clk2fflogic.cc:108:sample_data$36356 ($ff) from module top_wrapper.
Setting constant 0-bit at position 241 on $auto$clk2fflogic.cc:108:sample_data$36356 ($ff) from module top_wrapper.
Setting constant 0-bit at position 242 on $auto$clk2fflogic.cc:108:sample_data$36356 ($ff) from module top_wrapper.
Setting constant 0-bit at position 243 on $auto$clk2fflogic.cc:108:sample_data$36356 ($ff) from module top_wrapper.
Setting constant 0-bit at position 244 on $auto$clk2fflogic.cc:108:sample_data$36356 ($ff) from module top_wrapper.
Setting constant 0-bit at position 245 on $auto$clk2fflogic.cc:108:sample_data$36356 ($ff) from module top_wrapper.
Setting constant 0-bit at position 246 on $auto$clk2fflogic.cc:108:sample_data$36356 ($ff) from module top_wrapper.
Setting constant 0-bit at position 247 on $auto$clk2fflogic.cc:108:sample_data$36356 ($ff) from module top_wrapper.
Setting constant 0-bit at position 248 on $auto$clk2fflogic.cc:108:sample_data$36356 ($ff) from module top_wrapper.
Setting constant 0-bit at position 249 on $auto$clk2fflogic.cc:108:sample_data$36356 ($ff) from module top_wrapper.
Setting constant 0-bit at position 250 on $auto$clk2fflogic.cc:108:sample_data$36356 ($ff) from module top_wrapper.
Setting constant 0-bit at position 251 on $auto$clk2fflogic.cc:108:sample_data$36356 ($ff) from module top_wrapper.
Setting constant 0-bit at position 252 on $auto$clk2fflogic.cc:108:sample_data$36356 ($ff) from module top_wrapper.
Setting constant 0-bit at position 253 on $auto$clk2fflogic.cc:108:sample_data$36356 ($ff) from module top_wrapper.
Setting constant 0-bit at position 254 on $auto$clk2fflogic.cc:108:sample_data$36356 ($ff) from module top_wrapper.
Setting constant 0-bit at position 255 on $auto$clk2fflogic.cc:108:sample_data$36356 ($ff) from module top_wrapper.
Setting constant 0-bit at position 256 on $auto$clk2fflogic.cc:108:sample_data$36356 ($ff) from module top_wrapper.
Setting constant 0-bit at position 257 on $auto$clk2fflogic.cc:108:sample_data$36356 ($ff) from module top_wrapper.
Setting constant 0-bit at position 258 on $auto$clk2fflogic.cc:108:sample_data$36356 ($ff) from module top_wrapper.
Setting constant 0-bit at position 259 on $auto$clk2fflogic.cc:108:sample_data$36356 ($ff) from module top_wrapper.
Setting constant 0-bit at position 260 on $auto$clk2fflogic.cc:108:sample_data$36356 ($ff) from module top_wrapper.
Setting constant 0-bit at position 261 on $auto$clk2fflogic.cc:108:sample_data$36356 ($ff) from module top_wrapper.
Setting constant 0-bit at position 262 on $auto$clk2fflogic.cc:108:sample_data$36356 ($ff) from module top_wrapper.
Setting constant 0-bit at position 263 on $auto$clk2fflogic.cc:108:sample_data$36356 ($ff) from module top_wrapper.
Setting constant 0-bit at position 264 on $auto$clk2fflogic.cc:108:sample_data$36356 ($ff) from module top_wrapper.
Setting constant 0-bit at position 265 on $auto$clk2fflogic.cc:108:sample_data$36356 ($ff) from module top_wrapper.
Setting constant 0-bit at position 266 on $auto$clk2fflogic.cc:108:sample_data$36356 ($ff) from module top_wrapper.
Setting constant 0-bit at position 267 on $auto$clk2fflogic.cc:108:sample_data$36356 ($ff) from module top_wrapper.
Setting constant 0-bit at position 268 on $auto$clk2fflogic.cc:108:sample_data$36356 ($ff) from module top_wrapper.
Setting constant 0-bit at position 269 on $auto$clk2fflogic.cc:108:sample_data$36356 ($ff) from module top_wrapper.
Setting constant 0-bit at position 270 on $auto$clk2fflogic.cc:108:sample_data$36356 ($ff) from module top_wrapper.
Setting constant 0-bit at position 271 on $auto$clk2fflogic.cc:108:sample_data$36356 ($ff) from module top_wrapper.
Setting constant 0-bit at position 272 on $auto$clk2fflogic.cc:108:sample_data$36356 ($ff) from module top_wrapper.
Setting constant 0-bit at position 273 on $auto$clk2fflogic.cc:108:sample_data$36356 ($ff) from module top_wrapper.
Setting constant 0-bit at position 274 on $auto$clk2fflogic.cc:108:sample_data$36356 ($ff) from module top_wrapper.
Setting constant 0-bit at position 275 on $auto$clk2fflogic.cc:108:sample_data$36356 ($ff) from module top_wrapper.
Setting constant 0-bit at position 276 on $auto$clk2fflogic.cc:108:sample_data$36356 ($ff) from module top_wrapper.
Setting constant 0-bit at position 277 on $auto$clk2fflogic.cc:108:sample_data$36356 ($ff) from module top_wrapper.
Setting constant 0-bit at position 278 on $auto$clk2fflogic.cc:108:sample_data$36356 ($ff) from module top_wrapper.
Setting constant 0-bit at position 279 on $auto$clk2fflogic.cc:108:sample_data$36356 ($ff) from module top_wrapper.
Setting constant 0-bit at position 280 on $auto$clk2fflogic.cc:108:sample_data$36356 ($ff) from module top_wrapper.
Setting constant 0-bit at position 281 on $auto$clk2fflogic.cc:108:sample_data$36356 ($ff) from module top_wrapper.
Setting constant 0-bit at position 282 on $auto$clk2fflogic.cc:108:sample_data$36356 ($ff) from module top_wrapper.
Setting constant 0-bit at position 283 on $auto$clk2fflogic.cc:108:sample_data$36356 ($ff) from module top_wrapper.
Setting constant 0-bit at position 284 on $auto$clk2fflogic.cc:108:sample_data$36356 ($ff) from module top_wrapper.
Setting constant 0-bit at position 285 on $auto$clk2fflogic.cc:108:sample_data$36356 ($ff) from module top_wrapper.
Setting constant 0-bit at position 286 on $auto$clk2fflogic.cc:108:sample_data$36356 ($ff) from module top_wrapper.
Setting constant 0-bit at position 287 on $auto$clk2fflogic.cc:108:sample_data$36356 ($ff) from module top_wrapper.
Setting constant 0-bit at position 288 on $auto$clk2fflogic.cc:108:sample_data$36356 ($ff) from module top_wrapper.
Setting constant 0-bit at position 289 on $auto$clk2fflogic.cc:108:sample_data$36356 ($ff) from module top_wrapper.
Setting constant 0-bit at position 290 on $auto$clk2fflogic.cc:108:sample_data$36356 ($ff) from module top_wrapper.
Setting constant 0-bit at position 291 on $auto$clk2fflogic.cc:108:sample_data$36356 ($ff) from module top_wrapper.
Setting constant 0-bit at position 292 on $auto$clk2fflogic.cc:108:sample_data$36356 ($ff) from module top_wrapper.
Setting constant 0-bit at position 293 on $auto$clk2fflogic.cc:108:sample_data$36356 ($ff) from module top_wrapper.
Setting constant 0-bit at position 294 on $auto$clk2fflogic.cc:108:sample_data$36356 ($ff) from module top_wrapper.
Setting constant 0-bit at position 295 on $auto$clk2fflogic.cc:108:sample_data$36356 ($ff) from module top_wrapper.
Setting constant 0-bit at position 296 on $auto$clk2fflogic.cc:108:sample_data$36356 ($ff) from module top_wrapper.
Setting constant 0-bit at position 297 on $auto$clk2fflogic.cc:108:sample_data$36356 ($ff) from module top_wrapper.
Setting constant 0-bit at position 298 on $auto$clk2fflogic.cc:108:sample_data$36356 ($ff) from module top_wrapper.
Setting constant 0-bit at position 299 on $auto$clk2fflogic.cc:108:sample_data$36356 ($ff) from module top_wrapper.
Setting constant 0-bit at position 300 on $auto$clk2fflogic.cc:108:sample_data$36356 ($ff) from module top_wrapper.
Setting constant 0-bit at position 301 on $auto$clk2fflogic.cc:108:sample_data$36356 ($ff) from module top_wrapper.
Setting constant 0-bit at position 302 on $auto$clk2fflogic.cc:108:sample_data$36356 ($ff) from module top_wrapper.
Setting constant 0-bit at position 303 on $auto$clk2fflogic.cc:108:sample_data$36356 ($ff) from module top_wrapper.
Setting constant 0-bit at position 304 on $auto$clk2fflogic.cc:108:sample_data$36356 ($ff) from module top_wrapper.
Setting constant 0-bit at position 305 on $auto$clk2fflogic.cc:108:sample_data$36356 ($ff) from module top_wrapper.
Setting constant 0-bit at position 306 on $auto$clk2fflogic.cc:108:sample_data$36356 ($ff) from module top_wrapper.
Setting constant 0-bit at position 307 on $auto$clk2fflogic.cc:108:sample_data$36356 ($ff) from module top_wrapper.
Setting constant 0-bit at position 308 on $auto$clk2fflogic.cc:108:sample_data$36356 ($ff) from module top_wrapper.
Setting constant 0-bit at position 309 on $auto$clk2fflogic.cc:108:sample_data$36356 ($ff) from module top_wrapper.
Setting constant 0-bit at position 310 on $auto$clk2fflogic.cc:108:sample_data$36356 ($ff) from module top_wrapper.
Setting constant 0-bit at position 311 on $auto$clk2fflogic.cc:108:sample_data$36356 ($ff) from module top_wrapper.
Setting constant 0-bit at position 312 on $auto$clk2fflogic.cc:108:sample_data$36356 ($ff) from module top_wrapper.
Setting constant 0-bit at position 313 on $auto$clk2fflogic.cc:108:sample_data$36356 ($ff) from module top_wrapper.
Setting constant 0-bit at position 314 on $auto$clk2fflogic.cc:108:sample_data$36356 ($ff) from module top_wrapper.
Setting constant 0-bit at position 315 on $auto$clk2fflogic.cc:108:sample_data$36356 ($ff) from module top_wrapper.
Setting constant 0-bit at position 316 on $auto$clk2fflogic.cc:108:sample_data$36356 ($ff) from module top_wrapper.
Setting constant 0-bit at position 317 on $auto$clk2fflogic.cc:108:sample_data$36356 ($ff) from module top_wrapper.
Setting constant 0-bit at position 318 on $auto$clk2fflogic.cc:108:sample_data$36356 ($ff) from module top_wrapper.
Setting constant 0-bit at position 319 on $auto$clk2fflogic.cc:108:sample_data$36356 ($ff) from module top_wrapper.
Setting constant 0-bit at position 320 on $auto$clk2fflogic.cc:108:sample_data$36356 ($ff) from module top_wrapper.
Setting constant 0-bit at position 321 on $auto$clk2fflogic.cc:108:sample_data$36356 ($ff) from module top_wrapper.
Setting constant 0-bit at position 322 on $auto$clk2fflogic.cc:108:sample_data$36356 ($ff) from module top_wrapper.
Setting constant 0-bit at position 323 on $auto$clk2fflogic.cc:108:sample_data$36356 ($ff) from module top_wrapper.
Setting constant 0-bit at position 324 on $auto$clk2fflogic.cc:108:sample_data$36356 ($ff) from module top_wrapper.
Setting constant 0-bit at position 325 on $auto$clk2fflogic.cc:108:sample_data$36356 ($ff) from module top_wrapper.
Setting constant 0-bit at position 326 on $auto$clk2fflogic.cc:108:sample_data$36356 ($ff) from module top_wrapper.
Setting constant 0-bit at position 327 on $auto$clk2fflogic.cc:108:sample_data$36356 ($ff) from module top_wrapper.
Setting constant 0-bit at position 328 on $auto$clk2fflogic.cc:108:sample_data$36356 ($ff) from module top_wrapper.
Setting constant 0-bit at position 329 on $auto$clk2fflogic.cc:108:sample_data$36356 ($ff) from module top_wrapper.
Setting constant 0-bit at position 330 on $auto$clk2fflogic.cc:108:sample_data$36356 ($ff) from module top_wrapper.
Setting constant 0-bit at position 331 on $auto$clk2fflogic.cc:108:sample_data$36356 ($ff) from module top_wrapper.
Setting constant 0-bit at position 332 on $auto$clk2fflogic.cc:108:sample_data$36356 ($ff) from module top_wrapper.
Setting constant 0-bit at position 333 on $auto$clk2fflogic.cc:108:sample_data$36356 ($ff) from module top_wrapper.
Setting constant 0-bit at position 334 on $auto$clk2fflogic.cc:108:sample_data$36356 ($ff) from module top_wrapper.
Setting constant 0-bit at position 335 on $auto$clk2fflogic.cc:108:sample_data$36356 ($ff) from module top_wrapper.
Setting constant 0-bit at position 336 on $auto$clk2fflogic.cc:108:sample_data$36356 ($ff) from module top_wrapper.
Setting constant 0-bit at position 337 on $auto$clk2fflogic.cc:108:sample_data$36356 ($ff) from module top_wrapper.
Setting constant 0-bit at position 338 on $auto$clk2fflogic.cc:108:sample_data$36356 ($ff) from module top_wrapper.
Setting constant 0-bit at position 339 on $auto$clk2fflogic.cc:108:sample_data$36356 ($ff) from module top_wrapper.
Setting constant 0-bit at position 340 on $auto$clk2fflogic.cc:108:sample_data$36356 ($ff) from module top_wrapper.
Setting constant 0-bit at position 341 on $auto$clk2fflogic.cc:108:sample_data$36356 ($ff) from module top_wrapper.
Setting constant 0-bit at position 342 on $auto$clk2fflogic.cc:108:sample_data$36356 ($ff) from module top_wrapper.
Setting constant 0-bit at position 343 on $auto$clk2fflogic.cc:108:sample_data$36356 ($ff) from module top_wrapper.
Setting constant 0-bit at position 344 on $auto$clk2fflogic.cc:108:sample_data$36356 ($ff) from module top_wrapper.
Setting constant 0-bit at position 345 on $auto$clk2fflogic.cc:108:sample_data$36356 ($ff) from module top_wrapper.
Setting constant 0-bit at position 346 on $auto$clk2fflogic.cc:108:sample_data$36356 ($ff) from module top_wrapper.
Setting constant 0-bit at position 347 on $auto$clk2fflogic.cc:108:sample_data$36356 ($ff) from module top_wrapper.
Setting constant 0-bit at position 348 on $auto$clk2fflogic.cc:108:sample_data$36356 ($ff) from module top_wrapper.
Setting constant 0-bit at position 349 on $auto$clk2fflogic.cc:108:sample_data$36356 ($ff) from module top_wrapper.
Setting constant 0-bit at position 350 on $auto$clk2fflogic.cc:108:sample_data$36356 ($ff) from module top_wrapper.
Setting constant 0-bit at position 351 on $auto$clk2fflogic.cc:108:sample_data$36356 ($ff) from module top_wrapper.
Setting constant 0-bit at position 352 on $auto$clk2fflogic.cc:108:sample_data$36356 ($ff) from module top_wrapper.
Setting constant 0-bit at position 353 on $auto$clk2fflogic.cc:108:sample_data$36356 ($ff) from module top_wrapper.
Setting constant 0-bit at position 354 on $auto$clk2fflogic.cc:108:sample_data$36356 ($ff) from module top_wrapper.
Setting constant 0-bit at position 355 on $auto$clk2fflogic.cc:108:sample_data$36356 ($ff) from module top_wrapper.
Setting constant 0-bit at position 356 on $auto$clk2fflogic.cc:108:sample_data$36356 ($ff) from module top_wrapper.
Setting constant 0-bit at position 357 on $auto$clk2fflogic.cc:108:sample_data$36356 ($ff) from module top_wrapper.
Setting constant 0-bit at position 358 on $auto$clk2fflogic.cc:108:sample_data$36356 ($ff) from module top_wrapper.
Setting constant 0-bit at position 359 on $auto$clk2fflogic.cc:108:sample_data$36356 ($ff) from module top_wrapper.
Setting constant 0-bit at position 360 on $auto$clk2fflogic.cc:108:sample_data$36356 ($ff) from module top_wrapper.
Setting constant 0-bit at position 361 on $auto$clk2fflogic.cc:108:sample_data$36356 ($ff) from module top_wrapper.
Setting constant 0-bit at position 362 on $auto$clk2fflogic.cc:108:sample_data$36356 ($ff) from module top_wrapper.
Setting constant 0-bit at position 363 on $auto$clk2fflogic.cc:108:sample_data$36356 ($ff) from module top_wrapper.
Setting constant 0-bit at position 364 on $auto$clk2fflogic.cc:108:sample_data$36356 ($ff) from module top_wrapper.
Setting constant 0-bit at position 365 on $auto$clk2fflogic.cc:108:sample_data$36356 ($ff) from module top_wrapper.
Setting constant 0-bit at position 366 on $auto$clk2fflogic.cc:108:sample_data$36356 ($ff) from module top_wrapper.
Setting constant 0-bit at position 367 on $auto$clk2fflogic.cc:108:sample_data$36356 ($ff) from module top_wrapper.
Setting constant 0-bit at position 368 on $auto$clk2fflogic.cc:108:sample_data$36356 ($ff) from module top_wrapper.
Setting constant 0-bit at position 369 on $auto$clk2fflogic.cc:108:sample_data$36356 ($ff) from module top_wrapper.
Setting constant 0-bit at position 370 on $auto$clk2fflogic.cc:108:sample_data$36356 ($ff) from module top_wrapper.
Setting constant 0-bit at position 371 on $auto$clk2fflogic.cc:108:sample_data$36356 ($ff) from module top_wrapper.
Setting constant 0-bit at position 372 on $auto$clk2fflogic.cc:108:sample_data$36356 ($ff) from module top_wrapper.
Setting constant 0-bit at position 373 on $auto$clk2fflogic.cc:108:sample_data$36356 ($ff) from module top_wrapper.
Setting constant 0-bit at position 374 on $auto$clk2fflogic.cc:108:sample_data$36356 ($ff) from module top_wrapper.
Setting constant 0-bit at position 375 on $auto$clk2fflogic.cc:108:sample_data$36356 ($ff) from module top_wrapper.
Setting constant 0-bit at position 376 on $auto$clk2fflogic.cc:108:sample_data$36356 ($ff) from module top_wrapper.
Setting constant 0-bit at position 377 on $auto$clk2fflogic.cc:108:sample_data$36356 ($ff) from module top_wrapper.
Setting constant 0-bit at position 378 on $auto$clk2fflogic.cc:108:sample_data$36356 ($ff) from module top_wrapper.
Setting constant 0-bit at position 379 on $auto$clk2fflogic.cc:108:sample_data$36356 ($ff) from module top_wrapper.
Setting constant 0-bit at position 380 on $auto$clk2fflogic.cc:108:sample_data$36356 ($ff) from module top_wrapper.
Setting constant 0-bit at position 381 on $auto$clk2fflogic.cc:108:sample_data$36356 ($ff) from module top_wrapper.
Setting constant 0-bit at position 382 on $auto$clk2fflogic.cc:108:sample_data$36356 ($ff) from module top_wrapper.
Setting constant 0-bit at position 383 on $auto$clk2fflogic.cc:108:sample_data$36356 ($ff) from module top_wrapper.
Setting constant 0-bit at position 384 on $auto$clk2fflogic.cc:108:sample_data$36356 ($ff) from module top_wrapper.
Setting constant 0-bit at position 385 on $auto$clk2fflogic.cc:108:sample_data$36356 ($ff) from module top_wrapper.
Setting constant 0-bit at position 386 on $auto$clk2fflogic.cc:108:sample_data$36356 ($ff) from module top_wrapper.
Setting constant 0-bit at position 387 on $auto$clk2fflogic.cc:108:sample_data$36356 ($ff) from module top_wrapper.
Setting constant 0-bit at position 388 on $auto$clk2fflogic.cc:108:sample_data$36356 ($ff) from module top_wrapper.
Setting constant 0-bit at position 389 on $auto$clk2fflogic.cc:108:sample_data$36356 ($ff) from module top_wrapper.
Setting constant 0-bit at position 390 on $auto$clk2fflogic.cc:108:sample_data$36356 ($ff) from module top_wrapper.
Setting constant 0-bit at position 391 on $auto$clk2fflogic.cc:108:sample_data$36356 ($ff) from module top_wrapper.
Setting constant 0-bit at position 392 on $auto$clk2fflogic.cc:108:sample_data$36356 ($ff) from module top_wrapper.
Setting constant 0-bit at position 393 on $auto$clk2fflogic.cc:108:sample_data$36356 ($ff) from module top_wrapper.
Setting constant 0-bit at position 394 on $auto$clk2fflogic.cc:108:sample_data$36356 ($ff) from module top_wrapper.
Setting constant 0-bit at position 395 on $auto$clk2fflogic.cc:108:sample_data$36356 ($ff) from module top_wrapper.
Setting constant 0-bit at position 396 on $auto$clk2fflogic.cc:108:sample_data$36356 ($ff) from module top_wrapper.
Setting constant 0-bit at position 397 on $auto$clk2fflogic.cc:108:sample_data$36356 ($ff) from module top_wrapper.
Setting constant 0-bit at position 398 on $auto$clk2fflogic.cc:108:sample_data$36356 ($ff) from module top_wrapper.
Setting constant 0-bit at position 399 on $auto$clk2fflogic.cc:108:sample_data$36356 ($ff) from module top_wrapper.
Setting constant 0-bit at position 400 on $auto$clk2fflogic.cc:108:sample_data$36356 ($ff) from module top_wrapper.
Setting constant 0-bit at position 401 on $auto$clk2fflogic.cc:108:sample_data$36356 ($ff) from module top_wrapper.
Setting constant 0-bit at position 402 on $auto$clk2fflogic.cc:108:sample_data$36356 ($ff) from module top_wrapper.
Setting constant 0-bit at position 403 on $auto$clk2fflogic.cc:108:sample_data$36356 ($ff) from module top_wrapper.
Setting constant 0-bit at position 404 on $auto$clk2fflogic.cc:108:sample_data$36356 ($ff) from module top_wrapper.
Setting constant 0-bit at position 405 on $auto$clk2fflogic.cc:108:sample_data$36356 ($ff) from module top_wrapper.
Setting constant 0-bit at position 406 on $auto$clk2fflogic.cc:108:sample_data$36356 ($ff) from module top_wrapper.
Setting constant 0-bit at position 407 on $auto$clk2fflogic.cc:108:sample_data$36356 ($ff) from module top_wrapper.
Setting constant 0-bit at position 408 on $auto$clk2fflogic.cc:108:sample_data$36356 ($ff) from module top_wrapper.
Setting constant 0-bit at position 409 on $auto$clk2fflogic.cc:108:sample_data$36356 ($ff) from module top_wrapper.
Setting constant 0-bit at position 410 on $auto$clk2fflogic.cc:108:sample_data$36356 ($ff) from module top_wrapper.
Setting constant 0-bit at position 411 on $auto$clk2fflogic.cc:108:sample_data$36356 ($ff) from module top_wrapper.
Setting constant 0-bit at position 412 on $auto$clk2fflogic.cc:108:sample_data$36356 ($ff) from module top_wrapper.
Setting constant 0-bit at position 413 on $auto$clk2fflogic.cc:108:sample_data$36356 ($ff) from module top_wrapper.
Setting constant 0-bit at position 414 on $auto$clk2fflogic.cc:108:sample_data$36356 ($ff) from module top_wrapper.
Setting constant 0-bit at position 415 on $auto$clk2fflogic.cc:108:sample_data$36356 ($ff) from module top_wrapper.
Setting constant 0-bit at position 416 on $auto$clk2fflogic.cc:108:sample_data$36356 ($ff) from module top_wrapper.
Setting constant 0-bit at position 417 on $auto$clk2fflogic.cc:108:sample_data$36356 ($ff) from module top_wrapper.
Setting constant 0-bit at position 418 on $auto$clk2fflogic.cc:108:sample_data$36356 ($ff) from module top_wrapper.
Setting constant 0-bit at position 419 on $auto$clk2fflogic.cc:108:sample_data$36356 ($ff) from module top_wrapper.
Setting constant 0-bit at position 420 on $auto$clk2fflogic.cc:108:sample_data$36356 ($ff) from module top_wrapper.
Setting constant 0-bit at position 421 on $auto$clk2fflogic.cc:108:sample_data$36356 ($ff) from module top_wrapper.
Setting constant 0-bit at position 422 on $auto$clk2fflogic.cc:108:sample_data$36356 ($ff) from module top_wrapper.
Setting constant 0-bit at position 423 on $auto$clk2fflogic.cc:108:sample_data$36356 ($ff) from module top_wrapper.
Setting constant 0-bit at position 424 on $auto$clk2fflogic.cc:108:sample_data$36356 ($ff) from module top_wrapper.
Setting constant 0-bit at position 425 on $auto$clk2fflogic.cc:108:sample_data$36356 ($ff) from module top_wrapper.
Setting constant 0-bit at position 426 on $auto$clk2fflogic.cc:108:sample_data$36356 ($ff) from module top_wrapper.
Setting constant 0-bit at position 427 on $auto$clk2fflogic.cc:108:sample_data$36356 ($ff) from module top_wrapper.
Setting constant 0-bit at position 428 on $auto$clk2fflogic.cc:108:sample_data$36356 ($ff) from module top_wrapper.
Setting constant 0-bit at position 429 on $auto$clk2fflogic.cc:108:sample_data$36356 ($ff) from module top_wrapper.
Setting constant 0-bit at position 430 on $auto$clk2fflogic.cc:108:sample_data$36356 ($ff) from module top_wrapper.
Setting constant 0-bit at position 431 on $auto$clk2fflogic.cc:108:sample_data$36356 ($ff) from module top_wrapper.
Setting constant 0-bit at position 432 on $auto$clk2fflogic.cc:108:sample_data$36356 ($ff) from module top_wrapper.
Setting constant 0-bit at position 433 on $auto$clk2fflogic.cc:108:sample_data$36356 ($ff) from module top_wrapper.
Setting constant 0-bit at position 434 on $auto$clk2fflogic.cc:108:sample_data$36356 ($ff) from module top_wrapper.
Setting constant 0-bit at position 435 on $auto$clk2fflogic.cc:108:sample_data$36356 ($ff) from module top_wrapper.
Setting constant 0-bit at position 436 on $auto$clk2fflogic.cc:108:sample_data$36356 ($ff) from module top_wrapper.
Setting constant 0-bit at position 437 on $auto$clk2fflogic.cc:108:sample_data$36356 ($ff) from module top_wrapper.
Setting constant 0-bit at position 438 on $auto$clk2fflogic.cc:108:sample_data$36356 ($ff) from module top_wrapper.
Setting constant 0-bit at position 439 on $auto$clk2fflogic.cc:108:sample_data$36356 ($ff) from module top_wrapper.
Setting constant 0-bit at position 440 on $auto$clk2fflogic.cc:108:sample_data$36356 ($ff) from module top_wrapper.
Setting constant 0-bit at position 441 on $auto$clk2fflogic.cc:108:sample_data$36356 ($ff) from module top_wrapper.
Setting constant 0-bit at position 442 on $auto$clk2fflogic.cc:108:sample_data$36356 ($ff) from module top_wrapper.
Setting constant 0-bit at position 443 on $auto$clk2fflogic.cc:108:sample_data$36356 ($ff) from module top_wrapper.
Setting constant 0-bit at position 444 on $auto$clk2fflogic.cc:108:sample_data$36356 ($ff) from module top_wrapper.
Setting constant 0-bit at position 445 on $auto$clk2fflogic.cc:108:sample_data$36356 ($ff) from module top_wrapper.
Setting constant 0-bit at position 446 on $auto$clk2fflogic.cc:108:sample_data$36356 ($ff) from module top_wrapper.
Setting constant 0-bit at position 447 on $auto$clk2fflogic.cc:108:sample_data$36356 ($ff) from module top_wrapper.
Setting constant 0-bit at position 448 on $auto$clk2fflogic.cc:108:sample_data$36356 ($ff) from module top_wrapper.
Setting constant 0-bit at position 449 on $auto$clk2fflogic.cc:108:sample_data$36356 ($ff) from module top_wrapper.
Setting constant 0-bit at position 450 on $auto$clk2fflogic.cc:108:sample_data$36356 ($ff) from module top_wrapper.
Setting constant 0-bit at position 451 on $auto$clk2fflogic.cc:108:sample_data$36356 ($ff) from module top_wrapper.
Setting constant 0-bit at position 452 on $auto$clk2fflogic.cc:108:sample_data$36356 ($ff) from module top_wrapper.
Setting constant 0-bit at position 453 on $auto$clk2fflogic.cc:108:sample_data$36356 ($ff) from module top_wrapper.
Setting constant 0-bit at position 454 on $auto$clk2fflogic.cc:108:sample_data$36356 ($ff) from module top_wrapper.
Setting constant 0-bit at position 455 on $auto$clk2fflogic.cc:108:sample_data$36356 ($ff) from module top_wrapper.
Setting constant 0-bit at position 456 on $auto$clk2fflogic.cc:108:sample_data$36356 ($ff) from module top_wrapper.
Setting constant 0-bit at position 457 on $auto$clk2fflogic.cc:108:sample_data$36356 ($ff) from module top_wrapper.
Setting constant 0-bit at position 458 on $auto$clk2fflogic.cc:108:sample_data$36356 ($ff) from module top_wrapper.
Setting constant 0-bit at position 459 on $auto$clk2fflogic.cc:108:sample_data$36356 ($ff) from module top_wrapper.
Setting constant 0-bit at position 460 on $auto$clk2fflogic.cc:108:sample_data$36356 ($ff) from module top_wrapper.
Setting constant 0-bit at position 461 on $auto$clk2fflogic.cc:108:sample_data$36356 ($ff) from module top_wrapper.
Setting constant 0-bit at position 462 on $auto$clk2fflogic.cc:108:sample_data$36356 ($ff) from module top_wrapper.
Setting constant 0-bit at position 463 on $auto$clk2fflogic.cc:108:sample_data$36356 ($ff) from module top_wrapper.
Setting constant 0-bit at position 464 on $auto$clk2fflogic.cc:108:sample_data$36356 ($ff) from module top_wrapper.
Setting constant 0-bit at position 465 on $auto$clk2fflogic.cc:108:sample_data$36356 ($ff) from module top_wrapper.
Setting constant 0-bit at position 466 on $auto$clk2fflogic.cc:108:sample_data$36356 ($ff) from module top_wrapper.
Setting constant 0-bit at position 467 on $auto$clk2fflogic.cc:108:sample_data$36356 ($ff) from module top_wrapper.
Setting constant 0-bit at position 468 on $auto$clk2fflogic.cc:108:sample_data$36356 ($ff) from module top_wrapper.
Setting constant 0-bit at position 469 on $auto$clk2fflogic.cc:108:sample_data$36356 ($ff) from module top_wrapper.
Setting constant 0-bit at position 470 on $auto$clk2fflogic.cc:108:sample_data$36356 ($ff) from module top_wrapper.
Setting constant 0-bit at position 471 on $auto$clk2fflogic.cc:108:sample_data$36356 ($ff) from module top_wrapper.
Setting constant 0-bit at position 472 on $auto$clk2fflogic.cc:108:sample_data$36356 ($ff) from module top_wrapper.
Setting constant 0-bit at position 473 on $auto$clk2fflogic.cc:108:sample_data$36356 ($ff) from module top_wrapper.
Setting constant 0-bit at position 474 on $auto$clk2fflogic.cc:108:sample_data$36356 ($ff) from module top_wrapper.
Setting constant 0-bit at position 475 on $auto$clk2fflogic.cc:108:sample_data$36356 ($ff) from module top_wrapper.
Setting constant 0-bit at position 476 on $auto$clk2fflogic.cc:108:sample_data$36356 ($ff) from module top_wrapper.
Setting constant 0-bit at position 477 on $auto$clk2fflogic.cc:108:sample_data$36356 ($ff) from module top_wrapper.
Setting constant 0-bit at position 478 on $auto$clk2fflogic.cc:108:sample_data$36356 ($ff) from module top_wrapper.
Setting constant 0-bit at position 479 on $auto$clk2fflogic.cc:108:sample_data$36356 ($ff) from module top_wrapper.
Setting constant 0-bit at position 480 on $auto$clk2fflogic.cc:108:sample_data$36356 ($ff) from module top_wrapper.
Setting constant 0-bit at position 481 on $auto$clk2fflogic.cc:108:sample_data$36356 ($ff) from module top_wrapper.
Setting constant 0-bit at position 482 on $auto$clk2fflogic.cc:108:sample_data$36356 ($ff) from module top_wrapper.
Setting constant 0-bit at position 483 on $auto$clk2fflogic.cc:108:sample_data$36356 ($ff) from module top_wrapper.
Setting constant 0-bit at position 484 on $auto$clk2fflogic.cc:108:sample_data$36356 ($ff) from module top_wrapper.
Setting constant 0-bit at position 485 on $auto$clk2fflogic.cc:108:sample_data$36356 ($ff) from module top_wrapper.
Setting constant 0-bit at position 486 on $auto$clk2fflogic.cc:108:sample_data$36356 ($ff) from module top_wrapper.
Setting constant 0-bit at position 487 on $auto$clk2fflogic.cc:108:sample_data$36356 ($ff) from module top_wrapper.
Setting constant 0-bit at position 488 on $auto$clk2fflogic.cc:108:sample_data$36356 ($ff) from module top_wrapper.
Setting constant 0-bit at position 489 on $auto$clk2fflogic.cc:108:sample_data$36356 ($ff) from module top_wrapper.
Setting constant 0-bit at position 490 on $auto$clk2fflogic.cc:108:sample_data$36356 ($ff) from module top_wrapper.
Setting constant 0-bit at position 491 on $auto$clk2fflogic.cc:108:sample_data$36356 ($ff) from module top_wrapper.
Setting constant 0-bit at position 492 on $auto$clk2fflogic.cc:108:sample_data$36356 ($ff) from module top_wrapper.
Setting constant 0-bit at position 493 on $auto$clk2fflogic.cc:108:sample_data$36356 ($ff) from module top_wrapper.
Setting constant 0-bit at position 494 on $auto$clk2fflogic.cc:108:sample_data$36356 ($ff) from module top_wrapper.
Setting constant 0-bit at position 495 on $auto$clk2fflogic.cc:108:sample_data$36356 ($ff) from module top_wrapper.
Setting constant 0-bit at position 496 on $auto$clk2fflogic.cc:108:sample_data$36356 ($ff) from module top_wrapper.
Setting constant 0-bit at position 497 on $auto$clk2fflogic.cc:108:sample_data$36356 ($ff) from module top_wrapper.
Setting constant 0-bit at position 498 on $auto$clk2fflogic.cc:108:sample_data$36356 ($ff) from module top_wrapper.
Setting constant 0-bit at position 499 on $auto$clk2fflogic.cc:108:sample_data$36356 ($ff) from module top_wrapper.
Setting constant 0-bit at position 500 on $auto$clk2fflogic.cc:108:sample_data$36356 ($ff) from module top_wrapper.
Setting constant 0-bit at position 501 on $auto$clk2fflogic.cc:108:sample_data$36356 ($ff) from module top_wrapper.
Setting constant 0-bit at position 502 on $auto$clk2fflogic.cc:108:sample_data$36356 ($ff) from module top_wrapper.
Setting constant 0-bit at position 503 on $auto$clk2fflogic.cc:108:sample_data$36356 ($ff) from module top_wrapper.
Setting constant 0-bit at position 504 on $auto$clk2fflogic.cc:108:sample_data$36356 ($ff) from module top_wrapper.
Setting constant 0-bit at position 505 on $auto$clk2fflogic.cc:108:sample_data$36356 ($ff) from module top_wrapper.
Setting constant 0-bit at position 506 on $auto$clk2fflogic.cc:108:sample_data$36356 ($ff) from module top_wrapper.
Setting constant 0-bit at position 507 on $auto$clk2fflogic.cc:108:sample_data$36356 ($ff) from module top_wrapper.
Setting constant 0-bit at position 508 on $auto$clk2fflogic.cc:108:sample_data$36356 ($ff) from module top_wrapper.
Setting constant 0-bit at position 509 on $auto$clk2fflogic.cc:108:sample_data$36356 ($ff) from module top_wrapper.
Setting constant 0-bit at position 510 on $auto$clk2fflogic.cc:108:sample_data$36356 ($ff) from module top_wrapper.
Setting constant 0-bit at position 511 on $auto$clk2fflogic.cc:108:sample_data$36356 ($ff) from module top_wrapper.
Setting constant 0-bit at position 0 on $auto$clk2fflogic.cc:108:sample_data$36456 ($ff) from module top_wrapper.
Setting constant 0-bit at position 3 on $auto$clk2fflogic.cc:108:sample_data$36456 ($ff) from module top_wrapper.
Setting constant 0-bit at position 7 on $auto$clk2fflogic.cc:108:sample_data$36456 ($ff) from module top_wrapper.
Setting constant 0-bit at position 8 on $auto$clk2fflogic.cc:108:sample_data$36456 ($ff) from module top_wrapper.
Setting constant 0-bit at position 9 on $auto$clk2fflogic.cc:108:sample_data$36456 ($ff) from module top_wrapper.
Setting constant 0-bit at position 11 on $auto$clk2fflogic.cc:108:sample_data$36456 ($ff) from module top_wrapper.
Setting constant 0-bit at position 13 on $auto$clk2fflogic.cc:108:sample_data$36456 ($ff) from module top_wrapper.
Setting constant 0-bit at position 15 on $auto$clk2fflogic.cc:108:sample_data$36456 ($ff) from module top_wrapper.
Setting constant 0-bit at position 16 on $auto$clk2fflogic.cc:108:sample_data$36456 ($ff) from module top_wrapper.
Setting constant 0-bit at position 18 on $auto$clk2fflogic.cc:108:sample_data$36456 ($ff) from module top_wrapper.
Setting constant 0-bit at position 19 on $auto$clk2fflogic.cc:108:sample_data$36456 ($ff) from module top_wrapper.
Setting constant 0-bit at position 22 on $auto$clk2fflogic.cc:108:sample_data$36456 ($ff) from module top_wrapper.
Setting constant 0-bit at position 23 on $auto$clk2fflogic.cc:108:sample_data$36456 ($ff) from module top_wrapper.
Setting constant 0-bit at position 24 on $auto$clk2fflogic.cc:108:sample_data$36456 ($ff) from module top_wrapper.
Setting constant 0-bit at position 25 on $auto$clk2fflogic.cc:108:sample_data$36456 ($ff) from module top_wrapper.
Setting constant 0-bit at position 26 on $auto$clk2fflogic.cc:108:sample_data$36456 ($ff) from module top_wrapper.
Setting constant 0-bit at position 27 on $auto$clk2fflogic.cc:108:sample_data$36456 ($ff) from module top_wrapper.
Setting constant 0-bit at position 29 on $auto$clk2fflogic.cc:108:sample_data$36456 ($ff) from module top_wrapper.
Setting constant 0-bit at position 30 on $auto$clk2fflogic.cc:108:sample_data$36456 ($ff) from module top_wrapper.
Setting constant 0-bit at position 31 on $auto$clk2fflogic.cc:108:sample_data$36456 ($ff) from module top_wrapper.
Setting constant 0-bit at position 0 on $auto$clk2fflogic.cc:108:sample_data$36476 ($ff) from module top_wrapper.
Setting constant 0-bit at position 8 on $auto$clk2fflogic.cc:108:sample_data$36476 ($ff) from module top_wrapper.
Setting constant 0-bit at position 9 on $auto$clk2fflogic.cc:108:sample_data$36476 ($ff) from module top_wrapper.
Setting constant 0-bit at position 13 on $auto$clk2fflogic.cc:108:sample_data$36476 ($ff) from module top_wrapper.
Setting constant 0-bit at position 16 on $auto$clk2fflogic.cc:108:sample_data$36476 ($ff) from module top_wrapper.
Setting constant 0-bit at position 18 on $auto$clk2fflogic.cc:108:sample_data$36476 ($ff) from module top_wrapper.
Setting constant 0-bit at position 22 on $auto$clk2fflogic.cc:108:sample_data$36476 ($ff) from module top_wrapper.
Setting constant 0-bit at position 24 on $auto$clk2fflogic.cc:108:sample_data$36476 ($ff) from module top_wrapper.
Setting constant 0-bit at position 25 on $auto$clk2fflogic.cc:108:sample_data$36476 ($ff) from module top_wrapper.
Setting constant 0-bit at position 26 on $auto$clk2fflogic.cc:108:sample_data$36476 ($ff) from module top_wrapper.
Setting constant 0-bit at position 29 on $auto$clk2fflogic.cc:108:sample_data$36476 ($ff) from module top_wrapper.
Setting constant 0-bit at position 30 on $auto$clk2fflogic.cc:108:sample_data$36476 ($ff) from module top_wrapper.
Setting constant 0-bit at position 1 on $auto$clk2fflogic.cc:108:sample_data$36496 ($ff) from module top_wrapper.
Setting constant 0-bit at position 2 on $auto$clk2fflogic.cc:108:sample_data$36496 ($ff) from module top_wrapper.
Setting constant 0-bit at position 4 on $auto$clk2fflogic.cc:108:sample_data$36496 ($ff) from module top_wrapper.
Setting constant 0-bit at position 5 on $auto$clk2fflogic.cc:108:sample_data$36496 ($ff) from module top_wrapper.
Setting constant 0-bit at position 6 on $auto$clk2fflogic.cc:108:sample_data$36496 ($ff) from module top_wrapper.
Setting constant 0-bit at position 10 on $auto$clk2fflogic.cc:108:sample_data$36496 ($ff) from module top_wrapper.
Setting constant 0-bit at position 12 on $auto$clk2fflogic.cc:108:sample_data$36496 ($ff) from module top_wrapper.
Setting constant 0-bit at position 14 on $auto$clk2fflogic.cc:108:sample_data$36496 ($ff) from module top_wrapper.
Setting constant 0-bit at position 17 on $auto$clk2fflogic.cc:108:sample_data$36496 ($ff) from module top_wrapper.
Setting constant 0-bit at position 20 on $auto$clk2fflogic.cc:108:sample_data$36496 ($ff) from module top_wrapper.
Setting constant 0-bit at position 21 on $auto$clk2fflogic.cc:108:sample_data$36496 ($ff) from module top_wrapper.
Setting constant 0-bit at position 28 on $auto$clk2fflogic.cc:108:sample_data$36496 ($ff) from module top_wrapper.
Setting constant 0-bit at position 1 on $auto$clk2fflogic.cc:108:sample_data$36516 ($ff) from module top_wrapper.
Setting constant 0-bit at position 2 on $auto$clk2fflogic.cc:108:sample_data$36516 ($ff) from module top_wrapper.
Setting constant 0-bit at position 3 on $auto$clk2fflogic.cc:108:sample_data$36516 ($ff) from module top_wrapper.
Setting constant 0-bit at position 4 on $auto$clk2fflogic.cc:108:sample_data$36516 ($ff) from module top_wrapper.
Setting constant 0-bit at position 5 on $auto$clk2fflogic.cc:108:sample_data$36516 ($ff) from module top_wrapper.
Setting constant 0-bit at position 6 on $auto$clk2fflogic.cc:108:sample_data$36516 ($ff) from module top_wrapper.
Setting constant 0-bit at position 7 on $auto$clk2fflogic.cc:108:sample_data$36516 ($ff) from module top_wrapper.
Setting constant 0-bit at position 10 on $auto$clk2fflogic.cc:108:sample_data$36516 ($ff) from module top_wrapper.
Setting constant 0-bit at position 11 on $auto$clk2fflogic.cc:108:sample_data$36516 ($ff) from module top_wrapper.
Setting constant 0-bit at position 12 on $auto$clk2fflogic.cc:108:sample_data$36516 ($ff) from module top_wrapper.
Setting constant 0-bit at position 14 on $auto$clk2fflogic.cc:108:sample_data$36516 ($ff) from module top_wrapper.
Setting constant 0-bit at position 15 on $auto$clk2fflogic.cc:108:sample_data$36516 ($ff) from module top_wrapper.
Setting constant 0-bit at position 17 on $auto$clk2fflogic.cc:108:sample_data$36516 ($ff) from module top_wrapper.
Setting constant 0-bit at position 19 on $auto$clk2fflogic.cc:108:sample_data$36516 ($ff) from module top_wrapper.
Setting constant 0-bit at position 20 on $auto$clk2fflogic.cc:108:sample_data$36516 ($ff) from module top_wrapper.
Setting constant 0-bit at position 21 on $auto$clk2fflogic.cc:108:sample_data$36516 ($ff) from module top_wrapper.
Setting constant 0-bit at position 23 on $auto$clk2fflogic.cc:108:sample_data$36516 ($ff) from module top_wrapper.
Setting constant 0-bit at position 27 on $auto$clk2fflogic.cc:108:sample_data$36516 ($ff) from module top_wrapper.
Setting constant 0-bit at position 28 on $auto$clk2fflogic.cc:108:sample_data$36516 ($ff) from module top_wrapper.
Setting constant 0-bit at position 31 on $auto$clk2fflogic.cc:108:sample_data$36516 ($ff) from module top_wrapper.
Setting constant 0-bit at position 0 on $auto$clk2fflogic.cc:108:sample_data$36556 ($ff) from module top_wrapper.
Setting constant 0-bit at position 1 on $auto$clk2fflogic.cc:108:sample_data$36556 ($ff) from module top_wrapper.
Setting constant 0-bit at position 2 on $auto$clk2fflogic.cc:108:sample_data$36556 ($ff) from module top_wrapper.
Setting constant 0-bit at position 3 on $auto$clk2fflogic.cc:108:sample_data$36556 ($ff) from module top_wrapper.
Setting constant 0-bit at position 4 on $auto$clk2fflogic.cc:108:sample_data$36556 ($ff) from module top_wrapper.
Setting constant 0-bit at position 5 on $auto$clk2fflogic.cc:108:sample_data$36556 ($ff) from module top_wrapper.
Setting constant 0-bit at position 6 on $auto$clk2fflogic.cc:108:sample_data$36556 ($ff) from module top_wrapper.
Setting constant 0-bit at position 7 on $auto$clk2fflogic.cc:108:sample_data$36556 ($ff) from module top_wrapper.
Setting constant 0-bit at position 8 on $auto$clk2fflogic.cc:108:sample_data$36556 ($ff) from module top_wrapper.
Setting constant 0-bit at position 9 on $auto$clk2fflogic.cc:108:sample_data$36556 ($ff) from module top_wrapper.
Setting constant 0-bit at position 10 on $auto$clk2fflogic.cc:108:sample_data$36556 ($ff) from module top_wrapper.
Setting constant 0-bit at position 11 on $auto$clk2fflogic.cc:108:sample_data$36556 ($ff) from module top_wrapper.
Setting constant 0-bit at position 12 on $auto$clk2fflogic.cc:108:sample_data$36556 ($ff) from module top_wrapper.
Setting constant 0-bit at position 13 on $auto$clk2fflogic.cc:108:sample_data$36556 ($ff) from module top_wrapper.
Setting constant 0-bit at position 14 on $auto$clk2fflogic.cc:108:sample_data$36556 ($ff) from module top_wrapper.
Setting constant 0-bit at position 15 on $auto$clk2fflogic.cc:108:sample_data$36556 ($ff) from module top_wrapper.
Setting constant 0-bit at position 16 on $auto$clk2fflogic.cc:108:sample_data$36556 ($ff) from module top_wrapper.
Setting constant 0-bit at position 17 on $auto$clk2fflogic.cc:108:sample_data$36556 ($ff) from module top_wrapper.
Setting constant 0-bit at position 18 on $auto$clk2fflogic.cc:108:sample_data$36556 ($ff) from module top_wrapper.
Setting constant 0-bit at position 19 on $auto$clk2fflogic.cc:108:sample_data$36556 ($ff) from module top_wrapper.
Setting constant 0-bit at position 20 on $auto$clk2fflogic.cc:108:sample_data$36556 ($ff) from module top_wrapper.
Setting constant 0-bit at position 21 on $auto$clk2fflogic.cc:108:sample_data$36556 ($ff) from module top_wrapper.
Setting constant 0-bit at position 22 on $auto$clk2fflogic.cc:108:sample_data$36556 ($ff) from module top_wrapper.
Setting constant 0-bit at position 23 on $auto$clk2fflogic.cc:108:sample_data$36556 ($ff) from module top_wrapper.
Setting constant 0-bit at position 24 on $auto$clk2fflogic.cc:108:sample_data$36556 ($ff) from module top_wrapper.
Setting constant 0-bit at position 25 on $auto$clk2fflogic.cc:108:sample_data$36556 ($ff) from module top_wrapper.
Setting constant 0-bit at position 26 on $auto$clk2fflogic.cc:108:sample_data$36556 ($ff) from module top_wrapper.
Setting constant 0-bit at position 27 on $auto$clk2fflogic.cc:108:sample_data$36556 ($ff) from module top_wrapper.
Setting constant 0-bit at position 28 on $auto$clk2fflogic.cc:108:sample_data$36556 ($ff) from module top_wrapper.
Setting constant 0-bit at position 29 on $auto$clk2fflogic.cc:108:sample_data$36556 ($ff) from module top_wrapper.
Setting constant 0-bit at position 30 on $auto$clk2fflogic.cc:108:sample_data$36556 ($ff) from module top_wrapper.
Setting constant 0-bit at position 31 on $auto$clk2fflogic.cc:108:sample_data$36556 ($ff) from module top_wrapper.
Setting constant 0-bit at position 32 on $auto$clk2fflogic.cc:108:sample_data$36556 ($ff) from module top_wrapper.
Setting constant 0-bit at position 33 on $auto$clk2fflogic.cc:108:sample_data$36556 ($ff) from module top_wrapper.
Setting constant 0-bit at position 34 on $auto$clk2fflogic.cc:108:sample_data$36556 ($ff) from module top_wrapper.
Setting constant 0-bit at position 35 on $auto$clk2fflogic.cc:108:sample_data$36556 ($ff) from module top_wrapper.
Setting constant 0-bit at position 36 on $auto$clk2fflogic.cc:108:sample_data$36556 ($ff) from module top_wrapper.
Setting constant 0-bit at position 37 on $auto$clk2fflogic.cc:108:sample_data$36556 ($ff) from module top_wrapper.
Setting constant 0-bit at position 38 on $auto$clk2fflogic.cc:108:sample_data$36556 ($ff) from module top_wrapper.
Setting constant 0-bit at position 39 on $auto$clk2fflogic.cc:108:sample_data$36556 ($ff) from module top_wrapper.
Setting constant 0-bit at position 40 on $auto$clk2fflogic.cc:108:sample_data$36556 ($ff) from module top_wrapper.
Setting constant 0-bit at position 41 on $auto$clk2fflogic.cc:108:sample_data$36556 ($ff) from module top_wrapper.
Setting constant 0-bit at position 42 on $auto$clk2fflogic.cc:108:sample_data$36556 ($ff) from module top_wrapper.
Setting constant 0-bit at position 43 on $auto$clk2fflogic.cc:108:sample_data$36556 ($ff) from module top_wrapper.
Setting constant 0-bit at position 44 on $auto$clk2fflogic.cc:108:sample_data$36556 ($ff) from module top_wrapper.
Setting constant 0-bit at position 45 on $auto$clk2fflogic.cc:108:sample_data$36556 ($ff) from module top_wrapper.
Setting constant 0-bit at position 46 on $auto$clk2fflogic.cc:108:sample_data$36556 ($ff) from module top_wrapper.
Setting constant 0-bit at position 47 on $auto$clk2fflogic.cc:108:sample_data$36556 ($ff) from module top_wrapper.
Setting constant 0-bit at position 48 on $auto$clk2fflogic.cc:108:sample_data$36556 ($ff) from module top_wrapper.
Setting constant 0-bit at position 49 on $auto$clk2fflogic.cc:108:sample_data$36556 ($ff) from module top_wrapper.
Setting constant 0-bit at position 50 on $auto$clk2fflogic.cc:108:sample_data$36556 ($ff) from module top_wrapper.
Setting constant 0-bit at position 51 on $auto$clk2fflogic.cc:108:sample_data$36556 ($ff) from module top_wrapper.
Setting constant 0-bit at position 52 on $auto$clk2fflogic.cc:108:sample_data$36556 ($ff) from module top_wrapper.
Setting constant 0-bit at position 53 on $auto$clk2fflogic.cc:108:sample_data$36556 ($ff) from module top_wrapper.
Setting constant 0-bit at position 54 on $auto$clk2fflogic.cc:108:sample_data$36556 ($ff) from module top_wrapper.
Setting constant 0-bit at position 55 on $auto$clk2fflogic.cc:108:sample_data$36556 ($ff) from module top_wrapper.
Setting constant 0-bit at position 56 on $auto$clk2fflogic.cc:108:sample_data$36556 ($ff) from module top_wrapper.
Setting constant 0-bit at position 57 on $auto$clk2fflogic.cc:108:sample_data$36556 ($ff) from module top_wrapper.
Setting constant 0-bit at position 58 on $auto$clk2fflogic.cc:108:sample_data$36556 ($ff) from module top_wrapper.
Setting constant 0-bit at position 59 on $auto$clk2fflogic.cc:108:sample_data$36556 ($ff) from module top_wrapper.
Setting constant 0-bit at position 60 on $auto$clk2fflogic.cc:108:sample_data$36556 ($ff) from module top_wrapper.
Setting constant 0-bit at position 61 on $auto$clk2fflogic.cc:108:sample_data$36556 ($ff) from module top_wrapper.
Setting constant 0-bit at position 62 on $auto$clk2fflogic.cc:108:sample_data$36556 ($ff) from module top_wrapper.
Setting constant 0-bit at position 63 on $auto$clk2fflogic.cc:108:sample_data$36556 ($ff) from module top_wrapper.
Setting constant 0-bit at position 64 on $auto$clk2fflogic.cc:108:sample_data$36556 ($ff) from module top_wrapper.
Setting constant 0-bit at position 65 on $auto$clk2fflogic.cc:108:sample_data$36556 ($ff) from module top_wrapper.
Setting constant 0-bit at position 66 on $auto$clk2fflogic.cc:108:sample_data$36556 ($ff) from module top_wrapper.
Setting constant 0-bit at position 67 on $auto$clk2fflogic.cc:108:sample_data$36556 ($ff) from module top_wrapper.
Setting constant 0-bit at position 68 on $auto$clk2fflogic.cc:108:sample_data$36556 ($ff) from module top_wrapper.
Setting constant 0-bit at position 69 on $auto$clk2fflogic.cc:108:sample_data$36556 ($ff) from module top_wrapper.
Setting constant 0-bit at position 70 on $auto$clk2fflogic.cc:108:sample_data$36556 ($ff) from module top_wrapper.
Setting constant 0-bit at position 71 on $auto$clk2fflogic.cc:108:sample_data$36556 ($ff) from module top_wrapper.
Setting constant 0-bit at position 72 on $auto$clk2fflogic.cc:108:sample_data$36556 ($ff) from module top_wrapper.
Setting constant 0-bit at position 73 on $auto$clk2fflogic.cc:108:sample_data$36556 ($ff) from module top_wrapper.
Setting constant 0-bit at position 74 on $auto$clk2fflogic.cc:108:sample_data$36556 ($ff) from module top_wrapper.
Setting constant 0-bit at position 75 on $auto$clk2fflogic.cc:108:sample_data$36556 ($ff) from module top_wrapper.
Setting constant 0-bit at position 76 on $auto$clk2fflogic.cc:108:sample_data$36556 ($ff) from module top_wrapper.
Setting constant 0-bit at position 77 on $auto$clk2fflogic.cc:108:sample_data$36556 ($ff) from module top_wrapper.
Setting constant 0-bit at position 78 on $auto$clk2fflogic.cc:108:sample_data$36556 ($ff) from module top_wrapper.
Setting constant 0-bit at position 79 on $auto$clk2fflogic.cc:108:sample_data$36556 ($ff) from module top_wrapper.
Setting constant 0-bit at position 80 on $auto$clk2fflogic.cc:108:sample_data$36556 ($ff) from module top_wrapper.
Setting constant 0-bit at position 81 on $auto$clk2fflogic.cc:108:sample_data$36556 ($ff) from module top_wrapper.
Setting constant 0-bit at position 82 on $auto$clk2fflogic.cc:108:sample_data$36556 ($ff) from module top_wrapper.
Setting constant 0-bit at position 83 on $auto$clk2fflogic.cc:108:sample_data$36556 ($ff) from module top_wrapper.
Setting constant 0-bit at position 84 on $auto$clk2fflogic.cc:108:sample_data$36556 ($ff) from module top_wrapper.
Setting constant 0-bit at position 85 on $auto$clk2fflogic.cc:108:sample_data$36556 ($ff) from module top_wrapper.
Setting constant 0-bit at position 86 on $auto$clk2fflogic.cc:108:sample_data$36556 ($ff) from module top_wrapper.
Setting constant 0-bit at position 87 on $auto$clk2fflogic.cc:108:sample_data$36556 ($ff) from module top_wrapper.
Setting constant 0-bit at position 88 on $auto$clk2fflogic.cc:108:sample_data$36556 ($ff) from module top_wrapper.
Setting constant 0-bit at position 89 on $auto$clk2fflogic.cc:108:sample_data$36556 ($ff) from module top_wrapper.
Setting constant 0-bit at position 90 on $auto$clk2fflogic.cc:108:sample_data$36556 ($ff) from module top_wrapper.
Setting constant 0-bit at position 91 on $auto$clk2fflogic.cc:108:sample_data$36556 ($ff) from module top_wrapper.
Setting constant 0-bit at position 92 on $auto$clk2fflogic.cc:108:sample_data$36556 ($ff) from module top_wrapper.
Setting constant 0-bit at position 93 on $auto$clk2fflogic.cc:108:sample_data$36556 ($ff) from module top_wrapper.
Setting constant 0-bit at position 94 on $auto$clk2fflogic.cc:108:sample_data$36556 ($ff) from module top_wrapper.
Setting constant 0-bit at position 95 on $auto$clk2fflogic.cc:108:sample_data$36556 ($ff) from module top_wrapper.
Setting constant 0-bit at position 96 on $auto$clk2fflogic.cc:108:sample_data$36556 ($ff) from module top_wrapper.
Setting constant 0-bit at position 97 on $auto$clk2fflogic.cc:108:sample_data$36556 ($ff) from module top_wrapper.
Setting constant 0-bit at position 98 on $auto$clk2fflogic.cc:108:sample_data$36556 ($ff) from module top_wrapper.
Setting constant 0-bit at position 99 on $auto$clk2fflogic.cc:108:sample_data$36556 ($ff) from module top_wrapper.
Setting constant 0-bit at position 100 on $auto$clk2fflogic.cc:108:sample_data$36556 ($ff) from module top_wrapper.
Setting constant 0-bit at position 101 on $auto$clk2fflogic.cc:108:sample_data$36556 ($ff) from module top_wrapper.
Setting constant 0-bit at position 102 on $auto$clk2fflogic.cc:108:sample_data$36556 ($ff) from module top_wrapper.
Setting constant 0-bit at position 103 on $auto$clk2fflogic.cc:108:sample_data$36556 ($ff) from module top_wrapper.
Setting constant 0-bit at position 104 on $auto$clk2fflogic.cc:108:sample_data$36556 ($ff) from module top_wrapper.
Setting constant 0-bit at position 105 on $auto$clk2fflogic.cc:108:sample_data$36556 ($ff) from module top_wrapper.
Setting constant 0-bit at position 106 on $auto$clk2fflogic.cc:108:sample_data$36556 ($ff) from module top_wrapper.
Setting constant 0-bit at position 107 on $auto$clk2fflogic.cc:108:sample_data$36556 ($ff) from module top_wrapper.
Setting constant 0-bit at position 108 on $auto$clk2fflogic.cc:108:sample_data$36556 ($ff) from module top_wrapper.
Setting constant 0-bit at position 109 on $auto$clk2fflogic.cc:108:sample_data$36556 ($ff) from module top_wrapper.
Setting constant 0-bit at position 110 on $auto$clk2fflogic.cc:108:sample_data$36556 ($ff) from module top_wrapper.
Setting constant 0-bit at position 111 on $auto$clk2fflogic.cc:108:sample_data$36556 ($ff) from module top_wrapper.
Setting constant 0-bit at position 112 on $auto$clk2fflogic.cc:108:sample_data$36556 ($ff) from module top_wrapper.
Setting constant 0-bit at position 113 on $auto$clk2fflogic.cc:108:sample_data$36556 ($ff) from module top_wrapper.
Setting constant 0-bit at position 114 on $auto$clk2fflogic.cc:108:sample_data$36556 ($ff) from module top_wrapper.
Setting constant 0-bit at position 115 on $auto$clk2fflogic.cc:108:sample_data$36556 ($ff) from module top_wrapper.
Setting constant 0-bit at position 116 on $auto$clk2fflogic.cc:108:sample_data$36556 ($ff) from module top_wrapper.
Setting constant 0-bit at position 117 on $auto$clk2fflogic.cc:108:sample_data$36556 ($ff) from module top_wrapper.
Setting constant 0-bit at position 118 on $auto$clk2fflogic.cc:108:sample_data$36556 ($ff) from module top_wrapper.
Setting constant 0-bit at position 119 on $auto$clk2fflogic.cc:108:sample_data$36556 ($ff) from module top_wrapper.
Setting constant 0-bit at position 120 on $auto$clk2fflogic.cc:108:sample_data$36556 ($ff) from module top_wrapper.
Setting constant 0-bit at position 121 on $auto$clk2fflogic.cc:108:sample_data$36556 ($ff) from module top_wrapper.
Setting constant 0-bit at position 122 on $auto$clk2fflogic.cc:108:sample_data$36556 ($ff) from module top_wrapper.
Setting constant 0-bit at position 123 on $auto$clk2fflogic.cc:108:sample_data$36556 ($ff) from module top_wrapper.
Setting constant 0-bit at position 124 on $auto$clk2fflogic.cc:108:sample_data$36556 ($ff) from module top_wrapper.
Setting constant 0-bit at position 125 on $auto$clk2fflogic.cc:108:sample_data$36556 ($ff) from module top_wrapper.
Setting constant 0-bit at position 126 on $auto$clk2fflogic.cc:108:sample_data$36556 ($ff) from module top_wrapper.
Setting constant 0-bit at position 127 on $auto$clk2fflogic.cc:108:sample_data$36556 ($ff) from module top_wrapper.
Setting constant 0-bit at position 0 on $auto$clk2fflogic.cc:108:sample_data$36846 ($ff) from module top_wrapper.
Setting constant 0-bit at position 1 on $auto$clk2fflogic.cc:108:sample_data$36846 ($ff) from module top_wrapper.
Setting constant 0-bit at position 2 on $auto$clk2fflogic.cc:108:sample_data$36846 ($ff) from module top_wrapper.
Setting constant 0-bit at position 3 on $auto$clk2fflogic.cc:108:sample_data$36846 ($ff) from module top_wrapper.
Setting constant 0-bit at position 4 on $auto$clk2fflogic.cc:108:sample_data$36846 ($ff) from module top_wrapper.
Setting constant 0-bit at position 5 on $auto$clk2fflogic.cc:108:sample_data$36846 ($ff) from module top_wrapper.
Setting constant 0-bit at position 6 on $auto$clk2fflogic.cc:108:sample_data$36846 ($ff) from module top_wrapper.
Setting constant 0-bit at position 7 on $auto$clk2fflogic.cc:108:sample_data$36846 ($ff) from module top_wrapper.
Setting constant 0-bit at position 8 on $auto$clk2fflogic.cc:108:sample_data$36846 ($ff) from module top_wrapper.
Setting constant 0-bit at position 9 on $auto$clk2fflogic.cc:108:sample_data$36846 ($ff) from module top_wrapper.
Setting constant 0-bit at position 10 on $auto$clk2fflogic.cc:108:sample_data$36846 ($ff) from module top_wrapper.
Setting constant 0-bit at position 11 on $auto$clk2fflogic.cc:108:sample_data$36846 ($ff) from module top_wrapper.
Setting constant 0-bit at position 12 on $auto$clk2fflogic.cc:108:sample_data$36846 ($ff) from module top_wrapper.
Setting constant 0-bit at position 13 on $auto$clk2fflogic.cc:108:sample_data$36846 ($ff) from module top_wrapper.
Setting constant 0-bit at position 14 on $auto$clk2fflogic.cc:108:sample_data$36846 ($ff) from module top_wrapper.
Setting constant 0-bit at position 15 on $auto$clk2fflogic.cc:108:sample_data$36846 ($ff) from module top_wrapper.
Setting constant 0-bit at position 16 on $auto$clk2fflogic.cc:108:sample_data$36846 ($ff) from module top_wrapper.
Setting constant 0-bit at position 2 on $auto$clk2fflogic.cc:108:sample_data$37026 ($ff) from module top_wrapper.
Setting constant 0-bit at position 3 on $auto$clk2fflogic.cc:108:sample_data$37026 ($ff) from module top_wrapper.
Setting constant 0-bit at position 4 on $auto$clk2fflogic.cc:108:sample_data$37026 ($ff) from module top_wrapper.
Setting constant 0-bit at position 5 on $auto$clk2fflogic.cc:108:sample_data$37026 ($ff) from module top_wrapper.
Setting constant 0-bit at position 9 on $auto$clk2fflogic.cc:108:sample_data$37026 ($ff) from module top_wrapper.
Setting constant 0-bit at position 10 on $auto$clk2fflogic.cc:108:sample_data$37026 ($ff) from module top_wrapper.
Setting constant 0-bit at position 11 on $auto$clk2fflogic.cc:108:sample_data$37026 ($ff) from module top_wrapper.
Setting constant 0-bit at position 13 on $auto$clk2fflogic.cc:108:sample_data$37026 ($ff) from module top_wrapper.
Setting constant 0-bit at position 14 on $auto$clk2fflogic.cc:108:sample_data$37026 ($ff) from module top_wrapper.
Setting constant 0-bit at position 15 on $auto$clk2fflogic.cc:108:sample_data$37026 ($ff) from module top_wrapper.
Setting constant 0-bit at position 17 on $auto$clk2fflogic.cc:108:sample_data$37026 ($ff) from module top_wrapper.
Setting constant 0-bit at position 19 on $auto$clk2fflogic.cc:108:sample_data$37026 ($ff) from module top_wrapper.
Setting constant 0-bit at position 21 on $auto$clk2fflogic.cc:108:sample_data$37026 ($ff) from module top_wrapper.
Setting constant 0-bit at position 22 on $auto$clk2fflogic.cc:108:sample_data$37026 ($ff) from module top_wrapper.
Setting constant 0-bit at position 24 on $auto$clk2fflogic.cc:108:sample_data$37026 ($ff) from module top_wrapper.
Setting constant 0-bit at position 25 on $auto$clk2fflogic.cc:108:sample_data$37026 ($ff) from module top_wrapper.
Setting constant 0-bit at position 27 on $auto$clk2fflogic.cc:108:sample_data$37026 ($ff) from module top_wrapper.
Setting constant 0-bit at position 28 on $auto$clk2fflogic.cc:108:sample_data$37026 ($ff) from module top_wrapper.
Setting constant 0-bit at position 30 on $auto$clk2fflogic.cc:108:sample_data$37026 ($ff) from module top_wrapper.
Setting constant 0-bit at position 31 on $auto$clk2fflogic.cc:108:sample_data$37026 ($ff) from module top_wrapper.
Setting constant 0-bit at position 0 on $auto$clk2fflogic.cc:108:sample_data$37046 ($ff) from module top_wrapper.
Setting constant 0-bit at position 2 on $auto$clk2fflogic.cc:108:sample_data$37046 ($ff) from module top_wrapper.
Setting constant 0-bit at position 3 on $auto$clk2fflogic.cc:108:sample_data$37046 ($ff) from module top_wrapper.
Setting constant 0-bit at position 0 on $auto$clk2fflogic.cc:108:sample_data$37706 ($ff) from module top_wrapper.
Setting constant 0-bit at position 1 on $auto$clk2fflogic.cc:108:sample_data$37706 ($ff) from module top_wrapper.
Setting constant 0-bit at position 2 on $auto$clk2fflogic.cc:108:sample_data$37706 ($ff) from module top_wrapper.
Setting constant 0-bit at position 3 on $auto$clk2fflogic.cc:108:sample_data$37706 ($ff) from module top_wrapper.
Setting constant 0-bit at position 4 on $auto$clk2fflogic.cc:108:sample_data$37706 ($ff) from module top_wrapper.
Setting constant 0-bit at position 5 on $auto$clk2fflogic.cc:108:sample_data$37706 ($ff) from module top_wrapper.
Setting constant 0-bit at position 6 on $auto$clk2fflogic.cc:108:sample_data$37706 ($ff) from module top_wrapper.
Setting constant 0-bit at position 7 on $auto$clk2fflogic.cc:108:sample_data$37706 ($ff) from module top_wrapper.
Setting constant 0-bit at position 8 on $auto$clk2fflogic.cc:108:sample_data$37706 ($ff) from module top_wrapper.
Setting constant 0-bit at position 9 on $auto$clk2fflogic.cc:108:sample_data$37706 ($ff) from module top_wrapper.
Setting constant 0-bit at position 10 on $auto$clk2fflogic.cc:108:sample_data$37706 ($ff) from module top_wrapper.
Setting constant 0-bit at position 11 on $auto$clk2fflogic.cc:108:sample_data$37706 ($ff) from module top_wrapper.
Setting constant 0-bit at position 12 on $auto$clk2fflogic.cc:108:sample_data$37706 ($ff) from module top_wrapper.
Setting constant 0-bit at position 13 on $auto$clk2fflogic.cc:108:sample_data$37706 ($ff) from module top_wrapper.
Setting constant 0-bit at position 14 on $auto$clk2fflogic.cc:108:sample_data$37706 ($ff) from module top_wrapper.
Setting constant 0-bit at position 15 on $auto$clk2fflogic.cc:108:sample_data$37706 ($ff) from module top_wrapper.
Setting constant 0-bit at position 16 on $auto$clk2fflogic.cc:108:sample_data$37706 ($ff) from module top_wrapper.
Setting constant 0-bit at position 17 on $auto$clk2fflogic.cc:108:sample_data$37706 ($ff) from module top_wrapper.
Setting constant 0-bit at position 18 on $auto$clk2fflogic.cc:108:sample_data$37706 ($ff) from module top_wrapper.
Setting constant 0-bit at position 19 on $auto$clk2fflogic.cc:108:sample_data$37706 ($ff) from module top_wrapper.
Setting constant 0-bit at position 20 on $auto$clk2fflogic.cc:108:sample_data$37706 ($ff) from module top_wrapper.
Setting constant 0-bit at position 21 on $auto$clk2fflogic.cc:108:sample_data$37706 ($ff) from module top_wrapper.
Setting constant 0-bit at position 22 on $auto$clk2fflogic.cc:108:sample_data$37706 ($ff) from module top_wrapper.
Setting constant 0-bit at position 23 on $auto$clk2fflogic.cc:108:sample_data$37706 ($ff) from module top_wrapper.
Setting constant 0-bit at position 24 on $auto$clk2fflogic.cc:108:sample_data$37706 ($ff) from module top_wrapper.
Setting constant 0-bit at position 25 on $auto$clk2fflogic.cc:108:sample_data$37706 ($ff) from module top_wrapper.
Setting constant 0-bit at position 26 on $auto$clk2fflogic.cc:108:sample_data$37706 ($ff) from module top_wrapper.
Setting constant 0-bit at position 27 on $auto$clk2fflogic.cc:108:sample_data$37706 ($ff) from module top_wrapper.
Setting constant 0-bit at position 28 on $auto$clk2fflogic.cc:108:sample_data$37706 ($ff) from module top_wrapper.
Setting constant 0-bit at position 29 on $auto$clk2fflogic.cc:108:sample_data$37706 ($ff) from module top_wrapper.
Setting constant 0-bit at position 30 on $auto$clk2fflogic.cc:108:sample_data$37706 ($ff) from module top_wrapper.
Setting constant 0-bit at position 31 on $auto$clk2fflogic.cc:108:sample_data$37706 ($ff) from module top_wrapper.
Setting constant 0-bit at position 32 on $auto$clk2fflogic.cc:108:sample_data$37706 ($ff) from module top_wrapper.
Setting constant 0-bit at position 33 on $auto$clk2fflogic.cc:108:sample_data$37706 ($ff) from module top_wrapper.
Setting constant 0-bit at position 34 on $auto$clk2fflogic.cc:108:sample_data$37706 ($ff) from module top_wrapper.
Setting constant 0-bit at position 35 on $auto$clk2fflogic.cc:108:sample_data$37706 ($ff) from module top_wrapper.
Setting constant 0-bit at position 36 on $auto$clk2fflogic.cc:108:sample_data$37706 ($ff) from module top_wrapper.
Setting constant 0-bit at position 37 on $auto$clk2fflogic.cc:108:sample_data$37706 ($ff) from module top_wrapper.
Setting constant 0-bit at position 38 on $auto$clk2fflogic.cc:108:sample_data$37706 ($ff) from module top_wrapper.
Setting constant 0-bit at position 39 on $auto$clk2fflogic.cc:108:sample_data$37706 ($ff) from module top_wrapper.
Setting constant 0-bit at position 40 on $auto$clk2fflogic.cc:108:sample_data$37706 ($ff) from module top_wrapper.
Setting constant 0-bit at position 41 on $auto$clk2fflogic.cc:108:sample_data$37706 ($ff) from module top_wrapper.
Setting constant 0-bit at position 42 on $auto$clk2fflogic.cc:108:sample_data$37706 ($ff) from module top_wrapper.
Setting constant 0-bit at position 43 on $auto$clk2fflogic.cc:108:sample_data$37706 ($ff) from module top_wrapper.
Setting constant 0-bit at position 44 on $auto$clk2fflogic.cc:108:sample_data$37706 ($ff) from module top_wrapper.
Setting constant 0-bit at position 45 on $auto$clk2fflogic.cc:108:sample_data$37706 ($ff) from module top_wrapper.
Setting constant 0-bit at position 46 on $auto$clk2fflogic.cc:108:sample_data$37706 ($ff) from module top_wrapper.
Setting constant 0-bit at position 47 on $auto$clk2fflogic.cc:108:sample_data$37706 ($ff) from module top_wrapper.
Setting constant 0-bit at position 48 on $auto$clk2fflogic.cc:108:sample_data$37706 ($ff) from module top_wrapper.
Setting constant 0-bit at position 49 on $auto$clk2fflogic.cc:108:sample_data$37706 ($ff) from module top_wrapper.
Setting constant 0-bit at position 50 on $auto$clk2fflogic.cc:108:sample_data$37706 ($ff) from module top_wrapper.
Setting constant 0-bit at position 51 on $auto$clk2fflogic.cc:108:sample_data$37706 ($ff) from module top_wrapper.
Setting constant 0-bit at position 52 on $auto$clk2fflogic.cc:108:sample_data$37706 ($ff) from module top_wrapper.
Setting constant 0-bit at position 53 on $auto$clk2fflogic.cc:108:sample_data$37706 ($ff) from module top_wrapper.
Setting constant 0-bit at position 54 on $auto$clk2fflogic.cc:108:sample_data$37706 ($ff) from module top_wrapper.
Setting constant 0-bit at position 55 on $auto$clk2fflogic.cc:108:sample_data$37706 ($ff) from module top_wrapper.
Setting constant 0-bit at position 56 on $auto$clk2fflogic.cc:108:sample_data$37706 ($ff) from module top_wrapper.
Setting constant 0-bit at position 57 on $auto$clk2fflogic.cc:108:sample_data$37706 ($ff) from module top_wrapper.
Setting constant 0-bit at position 58 on $auto$clk2fflogic.cc:108:sample_data$37706 ($ff) from module top_wrapper.
Setting constant 0-bit at position 59 on $auto$clk2fflogic.cc:108:sample_data$37706 ($ff) from module top_wrapper.
Setting constant 0-bit at position 60 on $auto$clk2fflogic.cc:108:sample_data$37706 ($ff) from module top_wrapper.
Setting constant 0-bit at position 61 on $auto$clk2fflogic.cc:108:sample_data$37706 ($ff) from module top_wrapper.
Setting constant 0-bit at position 62 on $auto$clk2fflogic.cc:108:sample_data$37706 ($ff) from module top_wrapper.
Setting constant 0-bit at position 63 on $auto$clk2fflogic.cc:108:sample_data$37706 ($ff) from module top_wrapper.
Setting constant 0-bit at position 0 on $auto$clk2fflogic.cc:108:sample_data$37926 ($ff) from module top_wrapper.
Setting constant 0-bit at position 1 on $auto$clk2fflogic.cc:108:sample_data$37926 ($ff) from module top_wrapper.
Setting constant 0-bit at position 2 on $auto$clk2fflogic.cc:108:sample_data$37926 ($ff) from module top_wrapper.
Setting constant 0-bit at position 3 on $auto$clk2fflogic.cc:108:sample_data$37926 ($ff) from module top_wrapper.
Setting constant 0-bit at position 4 on $auto$clk2fflogic.cc:108:sample_data$37926 ($ff) from module top_wrapper.
Setting constant 0-bit at position 5 on $auto$clk2fflogic.cc:108:sample_data$37926 ($ff) from module top_wrapper.
Setting constant 0-bit at position 6 on $auto$clk2fflogic.cc:108:sample_data$37926 ($ff) from module top_wrapper.
Setting constant 0-bit at position 0 on $auto$clk2fflogic.cc:108:sample_data$37966 ($ff) from module top_wrapper.
Setting constant 0-bit at position 1 on $auto$clk2fflogic.cc:108:sample_data$37966 ($ff) from module top_wrapper.
Setting constant 0-bit at position 2 on $auto$clk2fflogic.cc:108:sample_data$37966 ($ff) from module top_wrapper.
Setting constant 0-bit at position 3 on $auto$clk2fflogic.cc:108:sample_data$37966 ($ff) from module top_wrapper.
Setting constant 0-bit at position 4 on $auto$clk2fflogic.cc:108:sample_data$37966 ($ff) from module top_wrapper.
Setting constant 0-bit at position 5 on $auto$clk2fflogic.cc:108:sample_data$37966 ($ff) from module top_wrapper.
Setting constant 0-bit at position 6 on $auto$clk2fflogic.cc:108:sample_data$37966 ($ff) from module top_wrapper.
Setting constant 0-bit at position 7 on $auto$clk2fflogic.cc:108:sample_data$37966 ($ff) from module top_wrapper.
Setting constant 0-bit at position 8 on $auto$clk2fflogic.cc:108:sample_data$37966 ($ff) from module top_wrapper.
Setting constant 0-bit at position 0 on $auto$clk2fflogic.cc:108:sample_data$38218 ($ff) from module top_wrapper.
Setting constant 0-bit at position 1 on $auto$clk2fflogic.cc:108:sample_data$38218 ($ff) from module top_wrapper.
Setting constant 0-bit at position 2 on $auto$clk2fflogic.cc:108:sample_data$38218 ($ff) from module top_wrapper.
Setting constant 0-bit at position 3 on $auto$clk2fflogic.cc:108:sample_data$38218 ($ff) from module top_wrapper.
Setting constant 0-bit at position 4 on $auto$clk2fflogic.cc:108:sample_data$38218 ($ff) from module top_wrapper.
Setting constant 0-bit at position 5 on $auto$clk2fflogic.cc:108:sample_data$38218 ($ff) from module top_wrapper.
Setting constant 0-bit at position 6 on $auto$clk2fflogic.cc:108:sample_data$38218 ($ff) from module top_wrapper.
Setting constant 0-bit at position 7 on $auto$clk2fflogic.cc:108:sample_data$38218 ($ff) from module top_wrapper.
Setting constant 0-bit at position 8 on $auto$clk2fflogic.cc:108:sample_data$38218 ($ff) from module top_wrapper.
Setting constant 0-bit at position 9 on $auto$clk2fflogic.cc:108:sample_data$38218 ($ff) from module top_wrapper.
Setting constant 0-bit at position 10 on $auto$clk2fflogic.cc:108:sample_data$38218 ($ff) from module top_wrapper.
Setting constant 0-bit at position 11 on $auto$clk2fflogic.cc:108:sample_data$38218 ($ff) from module top_wrapper.
Setting constant 0-bit at position 12 on $auto$clk2fflogic.cc:108:sample_data$38218 ($ff) from module top_wrapper.
Setting constant 0-bit at position 13 on $auto$clk2fflogic.cc:108:sample_data$38218 ($ff) from module top_wrapper.
Setting constant 0-bit at position 14 on $auto$clk2fflogic.cc:108:sample_data$38218 ($ff) from module top_wrapper.
Setting constant 0-bit at position 15 on $auto$clk2fflogic.cc:108:sample_data$38218 ($ff) from module top_wrapper.
Setting constant 0-bit at position 16 on $auto$clk2fflogic.cc:108:sample_data$38218 ($ff) from module top_wrapper.
Setting constant 0-bit at position 17 on $auto$clk2fflogic.cc:108:sample_data$38218 ($ff) from module top_wrapper.
Setting constant 0-bit at position 18 on $auto$clk2fflogic.cc:108:sample_data$38218 ($ff) from module top_wrapper.
Setting constant 0-bit at position 19 on $auto$clk2fflogic.cc:108:sample_data$38218 ($ff) from module top_wrapper.
Setting constant 0-bit at position 20 on $auto$clk2fflogic.cc:108:sample_data$38218 ($ff) from module top_wrapper.
Setting constant 0-bit at position 21 on $auto$clk2fflogic.cc:108:sample_data$38218 ($ff) from module top_wrapper.
Setting constant 0-bit at position 22 on $auto$clk2fflogic.cc:108:sample_data$38218 ($ff) from module top_wrapper.
Setting constant 0-bit at position 23 on $auto$clk2fflogic.cc:108:sample_data$38218 ($ff) from module top_wrapper.
Setting constant 0-bit at position 24 on $auto$clk2fflogic.cc:108:sample_data$38218 ($ff) from module top_wrapper.
Setting constant 0-bit at position 25 on $auto$clk2fflogic.cc:108:sample_data$38218 ($ff) from module top_wrapper.
Setting constant 0-bit at position 26 on $auto$clk2fflogic.cc:108:sample_data$38218 ($ff) from module top_wrapper.
Setting constant 0-bit at position 27 on $auto$clk2fflogic.cc:108:sample_data$38218 ($ff) from module top_wrapper.
Setting constant 0-bit at position 28 on $auto$clk2fflogic.cc:108:sample_data$38218 ($ff) from module top_wrapper.
Setting constant 0-bit at position 29 on $auto$clk2fflogic.cc:108:sample_data$38218 ($ff) from module top_wrapper.
Setting constant 0-bit at position 30 on $auto$clk2fflogic.cc:108:sample_data$38218 ($ff) from module top_wrapper.
Setting constant 0-bit at position 31 on $auto$clk2fflogic.cc:108:sample_data$38218 ($ff) from module top_wrapper.
Setting constant 0-bit at position 32 on $auto$clk2fflogic.cc:108:sample_data$38218 ($ff) from module top_wrapper.
Setting constant 0-bit at position 33 on $auto$clk2fflogic.cc:108:sample_data$38218 ($ff) from module top_wrapper.
Setting constant 0-bit at position 34 on $auto$clk2fflogic.cc:108:sample_data$38218 ($ff) from module top_wrapper.
Setting constant 0-bit at position 35 on $auto$clk2fflogic.cc:108:sample_data$38218 ($ff) from module top_wrapper.
Setting constant 0-bit at position 36 on $auto$clk2fflogic.cc:108:sample_data$38218 ($ff) from module top_wrapper.
Setting constant 0-bit at position 37 on $auto$clk2fflogic.cc:108:sample_data$38218 ($ff) from module top_wrapper.
Setting constant 0-bit at position 38 on $auto$clk2fflogic.cc:108:sample_data$38218 ($ff) from module top_wrapper.
Setting constant 0-bit at position 39 on $auto$clk2fflogic.cc:108:sample_data$38218 ($ff) from module top_wrapper.
Setting constant 0-bit at position 40 on $auto$clk2fflogic.cc:108:sample_data$38218 ($ff) from module top_wrapper.
Setting constant 0-bit at position 41 on $auto$clk2fflogic.cc:108:sample_data$38218 ($ff) from module top_wrapper.
Setting constant 0-bit at position 42 on $auto$clk2fflogic.cc:108:sample_data$38218 ($ff) from module top_wrapper.
Setting constant 0-bit at position 43 on $auto$clk2fflogic.cc:108:sample_data$38218 ($ff) from module top_wrapper.
Setting constant 0-bit at position 44 on $auto$clk2fflogic.cc:108:sample_data$38218 ($ff) from module top_wrapper.
Setting constant 0-bit at position 45 on $auto$clk2fflogic.cc:108:sample_data$38218 ($ff) from module top_wrapper.
Setting constant 0-bit at position 46 on $auto$clk2fflogic.cc:108:sample_data$38218 ($ff) from module top_wrapper.
Setting constant 0-bit at position 47 on $auto$clk2fflogic.cc:108:sample_data$38218 ($ff) from module top_wrapper.
Setting constant 0-bit at position 48 on $auto$clk2fflogic.cc:108:sample_data$38218 ($ff) from module top_wrapper.
Setting constant 0-bit at position 49 on $auto$clk2fflogic.cc:108:sample_data$38218 ($ff) from module top_wrapper.
Setting constant 0-bit at position 50 on $auto$clk2fflogic.cc:108:sample_data$38218 ($ff) from module top_wrapper.
Setting constant 0-bit at position 51 on $auto$clk2fflogic.cc:108:sample_data$38218 ($ff) from module top_wrapper.
Setting constant 0-bit at position 52 on $auto$clk2fflogic.cc:108:sample_data$38218 ($ff) from module top_wrapper.
Setting constant 0-bit at position 53 on $auto$clk2fflogic.cc:108:sample_data$38218 ($ff) from module top_wrapper.
Setting constant 0-bit at position 54 on $auto$clk2fflogic.cc:108:sample_data$38218 ($ff) from module top_wrapper.
Setting constant 0-bit at position 55 on $auto$clk2fflogic.cc:108:sample_data$38218 ($ff) from module top_wrapper.
Setting constant 0-bit at position 56 on $auto$clk2fflogic.cc:108:sample_data$38218 ($ff) from module top_wrapper.
Setting constant 0-bit at position 57 on $auto$clk2fflogic.cc:108:sample_data$38218 ($ff) from module top_wrapper.
Setting constant 0-bit at position 58 on $auto$clk2fflogic.cc:108:sample_data$38218 ($ff) from module top_wrapper.
Setting constant 0-bit at position 59 on $auto$clk2fflogic.cc:108:sample_data$38218 ($ff) from module top_wrapper.
Setting constant 0-bit at position 60 on $auto$clk2fflogic.cc:108:sample_data$38218 ($ff) from module top_wrapper.
Setting constant 0-bit at position 61 on $auto$clk2fflogic.cc:108:sample_data$38218 ($ff) from module top_wrapper.
Setting constant 0-bit at position 62 on $auto$clk2fflogic.cc:108:sample_data$38218 ($ff) from module top_wrapper.
Setting constant 0-bit at position 63 on $auto$clk2fflogic.cc:108:sample_data$38218 ($ff) from module top_wrapper.
Setting constant 0-bit at position 64 on $auto$clk2fflogic.cc:108:sample_data$38218 ($ff) from module top_wrapper.
Setting constant 0-bit at position 65 on $auto$clk2fflogic.cc:108:sample_data$38218 ($ff) from module top_wrapper.
Setting constant 0-bit at position 66 on $auto$clk2fflogic.cc:108:sample_data$38218 ($ff) from module top_wrapper.
Setting constant 0-bit at position 67 on $auto$clk2fflogic.cc:108:sample_data$38218 ($ff) from module top_wrapper.
Setting constant 0-bit at position 68 on $auto$clk2fflogic.cc:108:sample_data$38218 ($ff) from module top_wrapper.
Setting constant 0-bit at position 69 on $auto$clk2fflogic.cc:108:sample_data$38218 ($ff) from module top_wrapper.
Setting constant 0-bit at position 70 on $auto$clk2fflogic.cc:108:sample_data$38218 ($ff) from module top_wrapper.
Setting constant 0-bit at position 71 on $auto$clk2fflogic.cc:108:sample_data$38218 ($ff) from module top_wrapper.
Setting constant 0-bit at position 72 on $auto$clk2fflogic.cc:108:sample_data$38218 ($ff) from module top_wrapper.
Setting constant 0-bit at position 73 on $auto$clk2fflogic.cc:108:sample_data$38218 ($ff) from module top_wrapper.
Setting constant 0-bit at position 74 on $auto$clk2fflogic.cc:108:sample_data$38218 ($ff) from module top_wrapper.
Setting constant 0-bit at position 75 on $auto$clk2fflogic.cc:108:sample_data$38218 ($ff) from module top_wrapper.
Setting constant 0-bit at position 76 on $auto$clk2fflogic.cc:108:sample_data$38218 ($ff) from module top_wrapper.
Setting constant 0-bit at position 77 on $auto$clk2fflogic.cc:108:sample_data$38218 ($ff) from module top_wrapper.
Setting constant 0-bit at position 78 on $auto$clk2fflogic.cc:108:sample_data$38218 ($ff) from module top_wrapper.
Setting constant 0-bit at position 79 on $auto$clk2fflogic.cc:108:sample_data$38218 ($ff) from module top_wrapper.
Setting constant 0-bit at position 0 on $auto$clk2fflogic.cc:108:sample_data$38370 ($ff) from module top_wrapper.
Setting constant 0-bit at position 1 on $auto$clk2fflogic.cc:108:sample_data$38370 ($ff) from module top_wrapper.
Setting constant 0-bit at position 2 on $auto$clk2fflogic.cc:108:sample_data$38370 ($ff) from module top_wrapper.
Setting constant 0-bit at position 3 on $auto$clk2fflogic.cc:108:sample_data$38370 ($ff) from module top_wrapper.
Setting constant 0-bit at position 4 on $auto$clk2fflogic.cc:108:sample_data$38370 ($ff) from module top_wrapper.
Setting constant 0-bit at position 5 on $auto$clk2fflogic.cc:108:sample_data$38370 ($ff) from module top_wrapper.
Setting constant 0-bit at position 6 on $auto$clk2fflogic.cc:108:sample_data$38370 ($ff) from module top_wrapper.
Setting constant 0-bit at position 7 on $auto$clk2fflogic.cc:108:sample_data$38370 ($ff) from module top_wrapper.
Setting constant 0-bit at position 8 on $auto$clk2fflogic.cc:108:sample_data$38370 ($ff) from module top_wrapper.
Setting constant 0-bit at position 9 on $auto$clk2fflogic.cc:108:sample_data$38370 ($ff) from module top_wrapper.
Setting constant 0-bit at position 10 on $auto$clk2fflogic.cc:108:sample_data$38370 ($ff) from module top_wrapper.
Setting constant 0-bit at position 11 on $auto$clk2fflogic.cc:108:sample_data$38370 ($ff) from module top_wrapper.
Setting constant 0-bit at position 12 on $auto$clk2fflogic.cc:108:sample_data$38370 ($ff) from module top_wrapper.
Setting constant 0-bit at position 13 on $auto$clk2fflogic.cc:108:sample_data$38370 ($ff) from module top_wrapper.
Setting constant 0-bit at position 14 on $auto$clk2fflogic.cc:108:sample_data$38370 ($ff) from module top_wrapper.
Setting constant 0-bit at position 15 on $auto$clk2fflogic.cc:108:sample_data$38370 ($ff) from module top_wrapper.
Setting constant 0-bit at position 16 on $auto$clk2fflogic.cc:108:sample_data$38370 ($ff) from module top_wrapper.
Setting constant 0-bit at position 17 on $auto$clk2fflogic.cc:108:sample_data$38370 ($ff) from module top_wrapper.
Setting constant 0-bit at position 18 on $auto$clk2fflogic.cc:108:sample_data$38370 ($ff) from module top_wrapper.
Setting constant 0-bit at position 19 on $auto$clk2fflogic.cc:108:sample_data$38370 ($ff) from module top_wrapper.
Setting constant 0-bit at position 20 on $auto$clk2fflogic.cc:108:sample_data$38370 ($ff) from module top_wrapper.
Setting constant 0-bit at position 21 on $auto$clk2fflogic.cc:108:sample_data$38370 ($ff) from module top_wrapper.
Setting constant 0-bit at position 22 on $auto$clk2fflogic.cc:108:sample_data$38370 ($ff) from module top_wrapper.
Setting constant 0-bit at position 23 on $auto$clk2fflogic.cc:108:sample_data$38370 ($ff) from module top_wrapper.
Setting constant 0-bit at position 24 on $auto$clk2fflogic.cc:108:sample_data$38370 ($ff) from module top_wrapper.
Setting constant 0-bit at position 25 on $auto$clk2fflogic.cc:108:sample_data$38370 ($ff) from module top_wrapper.
Setting constant 0-bit at position 26 on $auto$clk2fflogic.cc:108:sample_data$38370 ($ff) from module top_wrapper.
Setting constant 0-bit at position 27 on $auto$clk2fflogic.cc:108:sample_data$38370 ($ff) from module top_wrapper.
Setting constant 0-bit at position 28 on $auto$clk2fflogic.cc:108:sample_data$38370 ($ff) from module top_wrapper.
Setting constant 0-bit at position 29 on $auto$clk2fflogic.cc:108:sample_data$38370 ($ff) from module top_wrapper.
Setting constant 0-bit at position 30 on $auto$clk2fflogic.cc:108:sample_data$38370 ($ff) from module top_wrapper.
Setting constant 0-bit at position 31 on $auto$clk2fflogic.cc:108:sample_data$38370 ($ff) from module top_wrapper.
Setting constant 0-bit at position 32 on $auto$clk2fflogic.cc:108:sample_data$38370 ($ff) from module top_wrapper.
Setting constant 0-bit at position 33 on $auto$clk2fflogic.cc:108:sample_data$38370 ($ff) from module top_wrapper.
Setting constant 0-bit at position 34 on $auto$clk2fflogic.cc:108:sample_data$38370 ($ff) from module top_wrapper.
Setting constant 0-bit at position 35 on $auto$clk2fflogic.cc:108:sample_data$38370 ($ff) from module top_wrapper.
Setting constant 0-bit at position 36 on $auto$clk2fflogic.cc:108:sample_data$38370 ($ff) from module top_wrapper.
Setting constant 0-bit at position 37 on $auto$clk2fflogic.cc:108:sample_data$38370 ($ff) from module top_wrapper.
Setting constant 0-bit at position 38 on $auto$clk2fflogic.cc:108:sample_data$38370 ($ff) from module top_wrapper.
Setting constant 0-bit at position 39 on $auto$clk2fflogic.cc:108:sample_data$38370 ($ff) from module top_wrapper.
Setting constant 0-bit at position 40 on $auto$clk2fflogic.cc:108:sample_data$38370 ($ff) from module top_wrapper.
Setting constant 0-bit at position 41 on $auto$clk2fflogic.cc:108:sample_data$38370 ($ff) from module top_wrapper.
Setting constant 0-bit at position 42 on $auto$clk2fflogic.cc:108:sample_data$38370 ($ff) from module top_wrapper.
Setting constant 0-bit at position 43 on $auto$clk2fflogic.cc:108:sample_data$38370 ($ff) from module top_wrapper.
Setting constant 0-bit at position 44 on $auto$clk2fflogic.cc:108:sample_data$38370 ($ff) from module top_wrapper.
Setting constant 0-bit at position 45 on $auto$clk2fflogic.cc:108:sample_data$38370 ($ff) from module top_wrapper.
Setting constant 0-bit at position 46 on $auto$clk2fflogic.cc:108:sample_data$38370 ($ff) from module top_wrapper.
Setting constant 0-bit at position 47 on $auto$clk2fflogic.cc:108:sample_data$38370 ($ff) from module top_wrapper.
Setting constant 0-bit at position 48 on $auto$clk2fflogic.cc:108:sample_data$38370 ($ff) from module top_wrapper.
Setting constant 0-bit at position 49 on $auto$clk2fflogic.cc:108:sample_data$38370 ($ff) from module top_wrapper.
Setting constant 0-bit at position 50 on $auto$clk2fflogic.cc:108:sample_data$38370 ($ff) from module top_wrapper.
Setting constant 0-bit at position 51 on $auto$clk2fflogic.cc:108:sample_data$38370 ($ff) from module top_wrapper.
Setting constant 0-bit at position 52 on $auto$clk2fflogic.cc:108:sample_data$38370 ($ff) from module top_wrapper.
Setting constant 0-bit at position 53 on $auto$clk2fflogic.cc:108:sample_data$38370 ($ff) from module top_wrapper.
Setting constant 0-bit at position 54 on $auto$clk2fflogic.cc:108:sample_data$38370 ($ff) from module top_wrapper.
Setting constant 0-bit at position 55 on $auto$clk2fflogic.cc:108:sample_data$38370 ($ff) from module top_wrapper.
Setting constant 0-bit at position 56 on $auto$clk2fflogic.cc:108:sample_data$38370 ($ff) from module top_wrapper.
Setting constant 0-bit at position 57 on $auto$clk2fflogic.cc:108:sample_data$38370 ($ff) from module top_wrapper.
Setting constant 0-bit at position 58 on $auto$clk2fflogic.cc:108:sample_data$38370 ($ff) from module top_wrapper.
Setting constant 0-bit at position 59 on $auto$clk2fflogic.cc:108:sample_data$38370 ($ff) from module top_wrapper.
Setting constant 0-bit at position 60 on $auto$clk2fflogic.cc:108:sample_data$38370 ($ff) from module top_wrapper.
Setting constant 0-bit at position 61 on $auto$clk2fflogic.cc:108:sample_data$38370 ($ff) from module top_wrapper.
Setting constant 0-bit at position 62 on $auto$clk2fflogic.cc:108:sample_data$38370 ($ff) from module top_wrapper.
Setting constant 0-bit at position 63 on $auto$clk2fflogic.cc:108:sample_data$38370 ($ff) from module top_wrapper.
Setting constant 0-bit at position 64 on $auto$clk2fflogic.cc:108:sample_data$38370 ($ff) from module top_wrapper.
Setting constant 0-bit at position 65 on $auto$clk2fflogic.cc:108:sample_data$38370 ($ff) from module top_wrapper.
Setting constant 0-bit at position 66 on $auto$clk2fflogic.cc:108:sample_data$38370 ($ff) from module top_wrapper.
Setting constant 0-bit at position 67 on $auto$clk2fflogic.cc:108:sample_data$38370 ($ff) from module top_wrapper.
Setting constant 0-bit at position 68 on $auto$clk2fflogic.cc:108:sample_data$38370 ($ff) from module top_wrapper.
Setting constant 0-bit at position 69 on $auto$clk2fflogic.cc:108:sample_data$38370 ($ff) from module top_wrapper.
Setting constant 0-bit at position 70 on $auto$clk2fflogic.cc:108:sample_data$38370 ($ff) from module top_wrapper.
Setting constant 0-bit at position 71 on $auto$clk2fflogic.cc:108:sample_data$38370 ($ff) from module top_wrapper.
Setting constant 0-bit at position 72 on $auto$clk2fflogic.cc:108:sample_data$38370 ($ff) from module top_wrapper.
Setting constant 0-bit at position 73 on $auto$clk2fflogic.cc:108:sample_data$38370 ($ff) from module top_wrapper.
Setting constant 0-bit at position 74 on $auto$clk2fflogic.cc:108:sample_data$38370 ($ff) from module top_wrapper.
Setting constant 0-bit at position 75 on $auto$clk2fflogic.cc:108:sample_data$38370 ($ff) from module top_wrapper.
Setting constant 0-bit at position 76 on $auto$clk2fflogic.cc:108:sample_data$38370 ($ff) from module top_wrapper.
Setting constant 0-bit at position 77 on $auto$clk2fflogic.cc:108:sample_data$38370 ($ff) from module top_wrapper.
Setting constant 0-bit at position 78 on $auto$clk2fflogic.cc:108:sample_data$38370 ($ff) from module top_wrapper.
Setting constant 0-bit at position 0 on $auto$clk2fflogic.cc:108:sample_data$38674 ($ff) from module top_wrapper.
Setting constant 0-bit at position 1 on $auto$clk2fflogic.cc:108:sample_data$38674 ($ff) from module top_wrapper.
Setting constant 0-bit at position 2 on $auto$clk2fflogic.cc:108:sample_data$38674 ($ff) from module top_wrapper.
Setting constant 0-bit at position 3 on $auto$clk2fflogic.cc:108:sample_data$38674 ($ff) from module top_wrapper.
Setting constant 0-bit at position 4 on $auto$clk2fflogic.cc:108:sample_data$38674 ($ff) from module top_wrapper.
Setting constant 0-bit at position 5 on $auto$clk2fflogic.cc:108:sample_data$38674 ($ff) from module top_wrapper.
Setting constant 0-bit at position 6 on $auto$clk2fflogic.cc:108:sample_data$38674 ($ff) from module top_wrapper.
Setting constant 0-bit at position 7 on $auto$clk2fflogic.cc:108:sample_data$38674 ($ff) from module top_wrapper.
Setting constant 0-bit at position 8 on $auto$clk2fflogic.cc:108:sample_data$38674 ($ff) from module top_wrapper.
Setting constant 0-bit at position 9 on $auto$clk2fflogic.cc:108:sample_data$38674 ($ff) from module top_wrapper.
Setting constant 0-bit at position 10 on $auto$clk2fflogic.cc:108:sample_data$38674 ($ff) from module top_wrapper.
Setting constant 0-bit at position 11 on $auto$clk2fflogic.cc:108:sample_data$38674 ($ff) from module top_wrapper.
Setting constant 0-bit at position 12 on $auto$clk2fflogic.cc:108:sample_data$38674 ($ff) from module top_wrapper.
Setting constant 0-bit at position 13 on $auto$clk2fflogic.cc:108:sample_data$38674 ($ff) from module top_wrapper.
Setting constant 0-bit at position 14 on $auto$clk2fflogic.cc:108:sample_data$38674 ($ff) from module top_wrapper.
Setting constant 0-bit at position 15 on $auto$clk2fflogic.cc:108:sample_data$38674 ($ff) from module top_wrapper.
Setting constant 0-bit at position 16 on $auto$clk2fflogic.cc:108:sample_data$38674 ($ff) from module top_wrapper.
Setting constant 0-bit at position 17 on $auto$clk2fflogic.cc:108:sample_data$38674 ($ff) from module top_wrapper.
Setting constant 0-bit at position 18 on $auto$clk2fflogic.cc:108:sample_data$38674 ($ff) from module top_wrapper.
Setting constant 0-bit at position 19 on $auto$clk2fflogic.cc:108:sample_data$38674 ($ff) from module top_wrapper.
Setting constant 0-bit at position 20 on $auto$clk2fflogic.cc:108:sample_data$38674 ($ff) from module top_wrapper.
Setting constant 0-bit at position 21 on $auto$clk2fflogic.cc:108:sample_data$38674 ($ff) from module top_wrapper.
Setting constant 0-bit at position 22 on $auto$clk2fflogic.cc:108:sample_data$38674 ($ff) from module top_wrapper.
Setting constant 0-bit at position 23 on $auto$clk2fflogic.cc:108:sample_data$38674 ($ff) from module top_wrapper.
Setting constant 0-bit at position 24 on $auto$clk2fflogic.cc:108:sample_data$38674 ($ff) from module top_wrapper.
Setting constant 0-bit at position 25 on $auto$clk2fflogic.cc:108:sample_data$38674 ($ff) from module top_wrapper.
Setting constant 0-bit at position 26 on $auto$clk2fflogic.cc:108:sample_data$38674 ($ff) from module top_wrapper.
Setting constant 0-bit at position 27 on $auto$clk2fflogic.cc:108:sample_data$38674 ($ff) from module top_wrapper.
Setting constant 0-bit at position 28 on $auto$clk2fflogic.cc:108:sample_data$38674 ($ff) from module top_wrapper.
Setting constant 0-bit at position 29 on $auto$clk2fflogic.cc:108:sample_data$38674 ($ff) from module top_wrapper.
Setting constant 0-bit at position 30 on $auto$clk2fflogic.cc:108:sample_data$38674 ($ff) from module top_wrapper.
Setting constant 0-bit at position 31 on $auto$clk2fflogic.cc:108:sample_data$38674 ($ff) from module top_wrapper.
Setting constant 0-bit at position 32 on $auto$clk2fflogic.cc:108:sample_data$38674 ($ff) from module top_wrapper.
Setting constant 0-bit at position 33 on $auto$clk2fflogic.cc:108:sample_data$38674 ($ff) from module top_wrapper.
Setting constant 0-bit at position 34 on $auto$clk2fflogic.cc:108:sample_data$38674 ($ff) from module top_wrapper.
Setting constant 0-bit at position 35 on $auto$clk2fflogic.cc:108:sample_data$38674 ($ff) from module top_wrapper.
Setting constant 0-bit at position 36 on $auto$clk2fflogic.cc:108:sample_data$38674 ($ff) from module top_wrapper.
Setting constant 0-bit at position 37 on $auto$clk2fflogic.cc:108:sample_data$38674 ($ff) from module top_wrapper.
Setting constant 0-bit at position 38 on $auto$clk2fflogic.cc:108:sample_data$38674 ($ff) from module top_wrapper.
Setting constant 0-bit at position 39 on $auto$clk2fflogic.cc:108:sample_data$38674 ($ff) from module top_wrapper.
Setting constant 0-bit at position 40 on $auto$clk2fflogic.cc:108:sample_data$38674 ($ff) from module top_wrapper.
Setting constant 0-bit at position 41 on $auto$clk2fflogic.cc:108:sample_data$38674 ($ff) from module top_wrapper.
Setting constant 0-bit at position 42 on $auto$clk2fflogic.cc:108:sample_data$38674 ($ff) from module top_wrapper.
Setting constant 0-bit at position 43 on $auto$clk2fflogic.cc:108:sample_data$38674 ($ff) from module top_wrapper.
Setting constant 0-bit at position 44 on $auto$clk2fflogic.cc:108:sample_data$38674 ($ff) from module top_wrapper.
Setting constant 0-bit at position 45 on $auto$clk2fflogic.cc:108:sample_data$38674 ($ff) from module top_wrapper.
Setting constant 0-bit at position 46 on $auto$clk2fflogic.cc:108:sample_data$38674 ($ff) from module top_wrapper.
Setting constant 0-bit at position 47 on $auto$clk2fflogic.cc:108:sample_data$38674 ($ff) from module top_wrapper.
Setting constant 0-bit at position 48 on $auto$clk2fflogic.cc:108:sample_data$38674 ($ff) from module top_wrapper.
Setting constant 0-bit at position 49 on $auto$clk2fflogic.cc:108:sample_data$38674 ($ff) from module top_wrapper.
Setting constant 0-bit at position 50 on $auto$clk2fflogic.cc:108:sample_data$38674 ($ff) from module top_wrapper.
Setting constant 0-bit at position 51 on $auto$clk2fflogic.cc:108:sample_data$38674 ($ff) from module top_wrapper.
Setting constant 0-bit at position 52 on $auto$clk2fflogic.cc:108:sample_data$38674 ($ff) from module top_wrapper.
Setting constant 0-bit at position 53 on $auto$clk2fflogic.cc:108:sample_data$38674 ($ff) from module top_wrapper.
Setting constant 0-bit at position 54 on $auto$clk2fflogic.cc:108:sample_data$38674 ($ff) from module top_wrapper.
Setting constant 0-bit at position 55 on $auto$clk2fflogic.cc:108:sample_data$38674 ($ff) from module top_wrapper.
Setting constant 0-bit at position 56 on $auto$clk2fflogic.cc:108:sample_data$38674 ($ff) from module top_wrapper.
Setting constant 0-bit at position 57 on $auto$clk2fflogic.cc:108:sample_data$38674 ($ff) from module top_wrapper.
Setting constant 0-bit at position 58 on $auto$clk2fflogic.cc:108:sample_data$38674 ($ff) from module top_wrapper.
Setting constant 0-bit at position 59 on $auto$clk2fflogic.cc:108:sample_data$38674 ($ff) from module top_wrapper.
Setting constant 0-bit at position 60 on $auto$clk2fflogic.cc:108:sample_data$38674 ($ff) from module top_wrapper.
Setting constant 0-bit at position 61 on $auto$clk2fflogic.cc:108:sample_data$38674 ($ff) from module top_wrapper.
Setting constant 0-bit at position 62 on $auto$clk2fflogic.cc:108:sample_data$38674 ($ff) from module top_wrapper.
Setting constant 0-bit at position 63 on $auto$clk2fflogic.cc:108:sample_data$38674 ($ff) from module top_wrapper.
Setting constant 0-bit at position 64 on $auto$clk2fflogic.cc:108:sample_data$38674 ($ff) from module top_wrapper.
Setting constant 0-bit at position 65 on $auto$clk2fflogic.cc:108:sample_data$38674 ($ff) from module top_wrapper.
Setting constant 0-bit at position 66 on $auto$clk2fflogic.cc:108:sample_data$38674 ($ff) from module top_wrapper.
Setting constant 0-bit at position 67 on $auto$clk2fflogic.cc:108:sample_data$38674 ($ff) from module top_wrapper.
Setting constant 0-bit at position 68 on $auto$clk2fflogic.cc:108:sample_data$38674 ($ff) from module top_wrapper.
Setting constant 0-bit at position 69 on $auto$clk2fflogic.cc:108:sample_data$38674 ($ff) from module top_wrapper.
Setting constant 0-bit at position 70 on $auto$clk2fflogic.cc:108:sample_data$38674 ($ff) from module top_wrapper.
Setting constant 0-bit at position 71 on $auto$clk2fflogic.cc:108:sample_data$38674 ($ff) from module top_wrapper.
Setting constant 0-bit at position 72 on $auto$clk2fflogic.cc:108:sample_data$38674 ($ff) from module top_wrapper.
Setting constant 0-bit at position 73 on $auto$clk2fflogic.cc:108:sample_data$38674 ($ff) from module top_wrapper.
Setting constant 0-bit at position 0 on $auto$clk2fflogic.cc:108:sample_data$40066 ($ff) from module top_wrapper.
Setting constant 0-bit at position 1 on $auto$clk2fflogic.cc:108:sample_data$40066 ($ff) from module top_wrapper.
Setting constant 0-bit at position 2 on $auto$clk2fflogic.cc:108:sample_data$40066 ($ff) from module top_wrapper.
Setting constant 0-bit at position 3 on $auto$clk2fflogic.cc:108:sample_data$40066 ($ff) from module top_wrapper.
Setting constant 0-bit at position 4 on $auto$clk2fflogic.cc:108:sample_data$40066 ($ff) from module top_wrapper.
Setting constant 0-bit at position 5 on $auto$clk2fflogic.cc:108:sample_data$40066 ($ff) from module top_wrapper.
Setting constant 0-bit at position 6 on $auto$clk2fflogic.cc:108:sample_data$40066 ($ff) from module top_wrapper.
Setting constant 0-bit at position 7 on $auto$clk2fflogic.cc:108:sample_data$40066 ($ff) from module top_wrapper.
Setting constant 0-bit at position 0 on $auto$clk2fflogic.cc:108:sample_data$40086 ($ff) from module top_wrapper.
Setting constant 0-bit at position 1 on $auto$clk2fflogic.cc:108:sample_data$40086 ($ff) from module top_wrapper.
Setting constant 0-bit at position 2 on $auto$clk2fflogic.cc:108:sample_data$40086 ($ff) from module top_wrapper.
Setting constant 0-bit at position 3 on $auto$clk2fflogic.cc:108:sample_data$40086 ($ff) from module top_wrapper.
Setting constant 0-bit at position 4 on $auto$clk2fflogic.cc:108:sample_data$40086 ($ff) from module top_wrapper.
Setting constant 0-bit at position 5 on $auto$clk2fflogic.cc:108:sample_data$40086 ($ff) from module top_wrapper.
Setting constant 0-bit at position 6 on $auto$clk2fflogic.cc:108:sample_data$40086 ($ff) from module top_wrapper.
Setting constant 0-bit at position 7 on $auto$clk2fflogic.cc:108:sample_data$40086 ($ff) from module top_wrapper.
Setting constant 0-bit at position 8 on $auto$clk2fflogic.cc:108:sample_data$40086 ($ff) from module top_wrapper.
Setting constant 0-bit at position 9 on $auto$clk2fflogic.cc:108:sample_data$40086 ($ff) from module top_wrapper.
Setting constant 0-bit at position 10 on $auto$clk2fflogic.cc:108:sample_data$40086 ($ff) from module top_wrapper.
Setting constant 0-bit at position 11 on $auto$clk2fflogic.cc:108:sample_data$40086 ($ff) from module top_wrapper.
Setting constant 0-bit at position 12 on $auto$clk2fflogic.cc:108:sample_data$40086 ($ff) from module top_wrapper.
Setting constant 0-bit at position 0 on $auto$clk2fflogic.cc:108:sample_data$40954 ($ff) from module top_wrapper.
Setting constant 0-bit at position 2 on $auto$clk2fflogic.cc:108:sample_data$40954 ($ff) from module top_wrapper.
Setting constant 0-bit at position 3 on $auto$clk2fflogic.cc:108:sample_data$40954 ($ff) from module top_wrapper.
Setting constant 0-bit at position 4 on $auto$clk2fflogic.cc:108:sample_data$40954 ($ff) from module top_wrapper.
Setting constant 0-bit at position 5 on $auto$clk2fflogic.cc:108:sample_data$40954 ($ff) from module top_wrapper.
Setting constant 0-bit at position 5 on $auto$clk2fflogic.cc:108:sample_data$41790 ($ff) from module top_wrapper.
Setting constant 0-bit at position 0 on $auto$clk2fflogic.cc:108:sample_data$41850 ($ff) from module top_wrapper.
Setting constant 0-bit at position 1 on $auto$clk2fflogic.cc:108:sample_data$41850 ($ff) from module top_wrapper.
Setting constant 0-bit at position 2 on $auto$clk2fflogic.cc:108:sample_data$41850 ($ff) from module top_wrapper.
Setting constant 0-bit at position 3 on $auto$clk2fflogic.cc:108:sample_data$41850 ($ff) from module top_wrapper.
Setting constant 0-bit at position 4 on $auto$clk2fflogic.cc:108:sample_data$41850 ($ff) from module top_wrapper.
Setting constant 0-bit at position 5 on $auto$clk2fflogic.cc:108:sample_data$41850 ($ff) from module top_wrapper.
Setting constant 0-bit at position 6 on $auto$clk2fflogic.cc:108:sample_data$41850 ($ff) from module top_wrapper.
Setting constant 0-bit at position 7 on $auto$clk2fflogic.cc:108:sample_data$41850 ($ff) from module top_wrapper.
Setting constant 0-bit at position 8 on $auto$clk2fflogic.cc:108:sample_data$41850 ($ff) from module top_wrapper.
Setting constant 0-bit at position 9 on $auto$clk2fflogic.cc:108:sample_data$41850 ($ff) from module top_wrapper.
Setting constant 0-bit at position 10 on $auto$clk2fflogic.cc:108:sample_data$41850 ($ff) from module top_wrapper.
Setting constant 0-bit at position 11 on $auto$clk2fflogic.cc:108:sample_data$41850 ($ff) from module top_wrapper.
Setting constant 0-bit at position 0 on $auto$clk2fflogic.cc:108:sample_data$42690 ($ff) from module top_wrapper.
Setting constant 0-bit at position 1 on $auto$clk2fflogic.cc:108:sample_data$42690 ($ff) from module top_wrapper.
Setting constant 0-bit at position 2 on $auto$clk2fflogic.cc:108:sample_data$42690 ($ff) from module top_wrapper.
Setting constant 0-bit at position 3 on $auto$clk2fflogic.cc:108:sample_data$42690 ($ff) from module top_wrapper.
Setting constant 0-bit at position 4 on $auto$clk2fflogic.cc:108:sample_data$42690 ($ff) from module top_wrapper.
Setting constant 0-bit at position 5 on $auto$clk2fflogic.cc:108:sample_data$42690 ($ff) from module top_wrapper.
Setting constant 0-bit at position 6 on $auto$clk2fflogic.cc:108:sample_data$42690 ($ff) from module top_wrapper.
Setting constant 0-bit at position 7 on $auto$clk2fflogic.cc:108:sample_data$42690 ($ff) from module top_wrapper.
Setting constant 0-bit at position 8 on $auto$clk2fflogic.cc:108:sample_data$42690 ($ff) from module top_wrapper.
Setting constant 0-bit at position 9 on $auto$clk2fflogic.cc:108:sample_data$42690 ($ff) from module top_wrapper.
Setting constant 0-bit at position 10 on $auto$clk2fflogic.cc:108:sample_data$42690 ($ff) from module top_wrapper.
Setting constant 0-bit at position 11 on $auto$clk2fflogic.cc:108:sample_data$42690 ($ff) from module top_wrapper.
Setting constant 0-bit at position 12 on $auto$clk2fflogic.cc:108:sample_data$42690 ($ff) from module top_wrapper.
Setting constant 0-bit at position 13 on $auto$clk2fflogic.cc:108:sample_data$42690 ($ff) from module top_wrapper.
Setting constant 0-bit at position 14 on $auto$clk2fflogic.cc:108:sample_data$42690 ($ff) from module top_wrapper.
Setting constant 0-bit at position 0 on $auto$clk2fflogic.cc:108:sample_data$42850 ($ff) from module top_wrapper.
Setting constant 0-bit at position 1 on $auto$clk2fflogic.cc:108:sample_data$42850 ($ff) from module top_wrapper.
Setting constant 0-bit at position 2 on $auto$clk2fflogic.cc:108:sample_data$42850 ($ff) from module top_wrapper.
Setting constant 0-bit at position 3 on $auto$clk2fflogic.cc:108:sample_data$42850 ($ff) from module top_wrapper.
Setting constant 0-bit at position 0 on $auto$clk2fflogic.cc:108:sample_data$43090 ($ff) from module top_wrapper.
Setting constant 0-bit at position 1 on $auto$clk2fflogic.cc:108:sample_data$43090 ($ff) from module top_wrapper.
Setting constant 0-bit at position 2 on $auto$clk2fflogic.cc:108:sample_data$43090 ($ff) from module top_wrapper.
Setting constant 0-bit at position 2 on $auto$clk2fflogic.cc:108:sample_data$43110 ($ff) from module top_wrapper.
Setting constant 0-bit at position 3 on $auto$clk2fflogic.cc:108:sample_data$43110 ($ff) from module top_wrapper.
Setting constant 0-bit at position 4 on $auto$clk2fflogic.cc:108:sample_data$43110 ($ff) from module top_wrapper.
Setting constant 0-bit at position 5 on $auto$clk2fflogic.cc:108:sample_data$43110 ($ff) from module top_wrapper.
Setting constant 0-bit at position 6 on $auto$clk2fflogic.cc:108:sample_data$43110 ($ff) from module top_wrapper.
Setting constant 0-bit at position 0 on $auto$clk2fflogic.cc:108:sample_data$43210 ($ff) from module top_wrapper.
Setting constant 0-bit at position 1 on $auto$clk2fflogic.cc:108:sample_data$43210 ($ff) from module top_wrapper.
Setting constant 0-bit at position 2 on $auto$clk2fflogic.cc:108:sample_data$43210 ($ff) from module top_wrapper.
Setting constant 0-bit at position 3 on $auto$clk2fflogic.cc:108:sample_data$43210 ($ff) from module top_wrapper.
Setting constant 0-bit at position 4 on $auto$clk2fflogic.cc:108:sample_data$43210 ($ff) from module top_wrapper.
Setting constant 0-bit at position 5 on $auto$clk2fflogic.cc:108:sample_data$43210 ($ff) from module top_wrapper.
Setting constant 0-bit at position 0 on $auto$clk2fflogic.cc:108:sample_data$43522 ($ff) from module top_wrapper.
Setting constant 0-bit at position 1 on $auto$clk2fflogic.cc:108:sample_data$43522 ($ff) from module top_wrapper.
Setting constant 0-bit at position 2 on $auto$clk2fflogic.cc:108:sample_data$43522 ($ff) from module top_wrapper.
Setting constant 0-bit at position 3 on $auto$clk2fflogic.cc:108:sample_data$43522 ($ff) from module top_wrapper.
Setting constant 0-bit at position 4 on $auto$clk2fflogic.cc:108:sample_data$43522 ($ff) from module top_wrapper.
Setting constant 0-bit at position 5 on $auto$clk2fflogic.cc:108:sample_data$43522 ($ff) from module top_wrapper.
Setting constant 0-bit at position 6 on $auto$clk2fflogic.cc:108:sample_data$43522 ($ff) from module top_wrapper.
Setting constant 0-bit at position 7 on $auto$clk2fflogic.cc:108:sample_data$43522 ($ff) from module top_wrapper.
Setting constant 0-bit at position 8 on $auto$clk2fflogic.cc:108:sample_data$43522 ($ff) from module top_wrapper.
Setting constant 0-bit at position 9 on $auto$clk2fflogic.cc:108:sample_data$43522 ($ff) from module top_wrapper.
Setting constant 0-bit at position 10 on $auto$clk2fflogic.cc:108:sample_data$43522 ($ff) from module top_wrapper.
Setting constant 0-bit at position 11 on $auto$clk2fflogic.cc:108:sample_data$43522 ($ff) from module top_wrapper.
Setting constant 0-bit at position 12 on $auto$clk2fflogic.cc:108:sample_data$43522 ($ff) from module top_wrapper.
Setting constant 0-bit at position 13 on $auto$clk2fflogic.cc:108:sample_data$43522 ($ff) from module top_wrapper.
Setting constant 0-bit at position 14 on $auto$clk2fflogic.cc:108:sample_data$43522 ($ff) from module top_wrapper.
Setting constant 0-bit at position 15 on $auto$clk2fflogic.cc:108:sample_data$43522 ($ff) from module top_wrapper.
Setting constant 0-bit at position 16 on $auto$clk2fflogic.cc:108:sample_data$43522 ($ff) from module top_wrapper.
Setting constant 0-bit at position 17 on $auto$clk2fflogic.cc:108:sample_data$43522 ($ff) from module top_wrapper.
Setting constant 0-bit at position 18 on $auto$clk2fflogic.cc:108:sample_data$43522 ($ff) from module top_wrapper.
Setting constant 0-bit at position 19 on $auto$clk2fflogic.cc:108:sample_data$43522 ($ff) from module top_wrapper.
Setting constant 0-bit at position 20 on $auto$clk2fflogic.cc:108:sample_data$43522 ($ff) from module top_wrapper.
Setting constant 0-bit at position 21 on $auto$clk2fflogic.cc:108:sample_data$43522 ($ff) from module top_wrapper.
Setting constant 0-bit at position 22 on $auto$clk2fflogic.cc:108:sample_data$43522 ($ff) from module top_wrapper.
Setting constant 0-bit at position 23 on $auto$clk2fflogic.cc:108:sample_data$43522 ($ff) from module top_wrapper.
Setting constant 0-bit at position 24 on $auto$clk2fflogic.cc:108:sample_data$43522 ($ff) from module top_wrapper.
Setting constant 0-bit at position 25 on $auto$clk2fflogic.cc:108:sample_data$43522 ($ff) from module top_wrapper.
Setting constant 0-bit at position 26 on $auto$clk2fflogic.cc:108:sample_data$43522 ($ff) from module top_wrapper.
Setting constant 0-bit at position 27 on $auto$clk2fflogic.cc:108:sample_data$43522 ($ff) from module top_wrapper.
Setting constant 0-bit at position 28 on $auto$clk2fflogic.cc:108:sample_data$43522 ($ff) from module top_wrapper.
Setting constant 0-bit at position 29 on $auto$clk2fflogic.cc:108:sample_data$43522 ($ff) from module top_wrapper.
Setting constant 0-bit at position 30 on $auto$clk2fflogic.cc:108:sample_data$43522 ($ff) from module top_wrapper.
Setting constant 0-bit at position 31 on $auto$clk2fflogic.cc:108:sample_data$43522 ($ff) from module top_wrapper.
Setting constant 0-bit at position 0 on $auto$clk2fflogic.cc:108:sample_data$43582 ($ff) from module top_wrapper.
Setting constant 0-bit at position 1 on $auto$clk2fflogic.cc:108:sample_data$43582 ($ff) from module top_wrapper.
Setting constant 0-bit at position 0 on $auto$clk2fflogic.cc:108:sample_data$43622 ($ff) from module top_wrapper.
Setting constant 0-bit at position 0 on $auto$clk2fflogic.cc:108:sample_data$43642 ($ff) from module top_wrapper.
Setting constant 0-bit at position 1 on $auto$clk2fflogic.cc:108:sample_data$43642 ($ff) from module top_wrapper.
Setting constant 0-bit at position 2 on $auto$clk2fflogic.cc:108:sample_data$43642 ($ff) from module top_wrapper.
Setting constant 0-bit at position 3 on $auto$clk2fflogic.cc:108:sample_data$43642 ($ff) from module top_wrapper.
Setting constant 0-bit at position 4 on $auto$clk2fflogic.cc:108:sample_data$43642 ($ff) from module top_wrapper.
Setting constant 0-bit at position 0 on $auto$clk2fflogic.cc:108:sample_data$53994 ($ff) from module top_wrapper.
Setting constant 0-bit at position 1 on $auto$clk2fflogic.cc:108:sample_data$53994 ($ff) from module top_wrapper.
Setting constant 0-bit at position 2 on $auto$clk2fflogic.cc:108:sample_data$53994 ($ff) from module top_wrapper.
Setting constant 0-bit at position 3 on $auto$clk2fflogic.cc:108:sample_data$53994 ($ff) from module top_wrapper.
Setting constant 0-bit at position 4 on $auto$clk2fflogic.cc:108:sample_data$53994 ($ff) from module top_wrapper.
Setting constant 0-bit at position 5 on $auto$clk2fflogic.cc:108:sample_data$53994 ($ff) from module top_wrapper.
Setting constant 0-bit at position 6 on $auto$clk2fflogic.cc:108:sample_data$53994 ($ff) from module top_wrapper.
Setting constant 0-bit at position 7 on $auto$clk2fflogic.cc:108:sample_data$53994 ($ff) from module top_wrapper.
Setting constant 0-bit at position 8 on $auto$clk2fflogic.cc:108:sample_data$53994 ($ff) from module top_wrapper.
Setting constant 0-bit at position 9 on $auto$clk2fflogic.cc:108:sample_data$53994 ($ff) from module top_wrapper.
Setting constant 0-bit at position 10 on $auto$clk2fflogic.cc:108:sample_data$53994 ($ff) from module top_wrapper.
Setting constant 0-bit at position 11 on $auto$clk2fflogic.cc:108:sample_data$53994 ($ff) from module top_wrapper.
Setting constant 0-bit at position 12 on $auto$clk2fflogic.cc:108:sample_data$53994 ($ff) from module top_wrapper.
Setting constant 0-bit at position 13 on $auto$clk2fflogic.cc:108:sample_data$53994 ($ff) from module top_wrapper.
Setting constant 0-bit at position 14 on $auto$clk2fflogic.cc:108:sample_data$53994 ($ff) from module top_wrapper.
Setting constant 0-bit at position 15 on $auto$clk2fflogic.cc:108:sample_data$53994 ($ff) from module top_wrapper.
Setting constant 0-bit at position 16 on $auto$clk2fflogic.cc:108:sample_data$53994 ($ff) from module top_wrapper.
Setting constant 0-bit at position 17 on $auto$clk2fflogic.cc:108:sample_data$53994 ($ff) from module top_wrapper.
Setting constant 0-bit at position 18 on $auto$clk2fflogic.cc:108:sample_data$53994 ($ff) from module top_wrapper.
Setting constant 0-bit at position 19 on $auto$clk2fflogic.cc:108:sample_data$53994 ($ff) from module top_wrapper.
Setting constant 0-bit at position 20 on $auto$clk2fflogic.cc:108:sample_data$53994 ($ff) from module top_wrapper.
Setting constant 0-bit at position 21 on $auto$clk2fflogic.cc:108:sample_data$53994 ($ff) from module top_wrapper.
Setting constant 0-bit at position 22 on $auto$clk2fflogic.cc:108:sample_data$53994 ($ff) from module top_wrapper.
Setting constant 0-bit at position 23 on $auto$clk2fflogic.cc:108:sample_data$53994 ($ff) from module top_wrapper.
Setting constant 0-bit at position 24 on $auto$clk2fflogic.cc:108:sample_data$53994 ($ff) from module top_wrapper.
Setting constant 0-bit at position 25 on $auto$clk2fflogic.cc:108:sample_data$53994 ($ff) from module top_wrapper.
Setting constant 0-bit at position 26 on $auto$clk2fflogic.cc:108:sample_data$53994 ($ff) from module top_wrapper.
Setting constant 0-bit at position 27 on $auto$clk2fflogic.cc:108:sample_data$53994 ($ff) from module top_wrapper.
Setting constant 0-bit at position 28 on $auto$clk2fflogic.cc:108:sample_data$53994 ($ff) from module top_wrapper.
Setting constant 0-bit at position 29 on $auto$clk2fflogic.cc:108:sample_data$53994 ($ff) from module top_wrapper.
Setting constant 0-bit at position 30 on $auto$clk2fflogic.cc:108:sample_data$53994 ($ff) from module top_wrapper.

11.4. Executing OPT_CLEAN pass (remove unused cells and wires).
Finding unused cells or wires in module \top_wrapper..
Removed 8037 unused cells and 8654 unused wires.
<suppressed ~8623 debug messages>

11.5. Rerunning OPT passes. (Removed registers in this run.)

11.6. Executing OPT_EXPR pass (perform const folding).
Optimizing module top_wrapper.

11.7. Executing OPT_MERGE pass (detect identical cells).
Finding identical cells in module `\top_wrapper'.
Computing hashes of 16120 cells of `\top_wrapper'.
Finding duplicate cells in `\top_wrapper'.
Computing hashes of 16114 cells of `\top_wrapper'.
Finding duplicate cells in `\top_wrapper'.
<suppressed ~18 debug messages>
Removed a total of 6 cells.

11.8. Executing OPT_DFF pass (perform DFF optimizations).

11.9. Executing OPT_CLEAN pass (remove unused cells and wires).
Finding unused cells or wires in module \top_wrapper..
Removed 0 unused cells and 6 unused wires.
<suppressed ~1 debug messages>

11.10. Finished fast OPT passes.

12. Executing OPT_CLEAN pass (remove unused cells and wires).
Finding unused cells or wires in module \top_wrapper..
Removed 0 unused cells and 904 unused wires.
<suppressed ~1 debug messages>

13. Executing RTLIL backend.
Output filename: ../model/design_prep.il

Warnings: 5 unique messages, 5 total
End of script. Logfile hash: 2bc5ccb88c, time: 1.82s, user: 1.98s, system: 0.09s, MEM: 220.24 MB peak
Yosys 0.63+161 (git sha1 5fd39ff3e, clang++ 18.1.8 -fPIC -O3)
Time spent: 46% 5x opt_clean (0 sec), 14% 2x opt_dff (0 sec), ...
