
 /----------------------------------------------------------------------------\
 |  yosys -- Yosys Open SYnthesis Suite                                       |
 |  Copyright (C) 2012 - 2026  Claire Xenia Wolf <claire@yosyshq.com>         |
 |  Distributed under an ISC-like license, type "license" to see terms        |
 \----------------------------------------------------------------------------/
 Yosys 0.63+161 (git sha1 5fd39ff3e, clang++ 18.1.8 -fPIC -O3)

-- Executing script file `design_aiger.ys' --

1. Executing RTLIL frontend.
Input filename: design_prep.il

2. Executing HIERARCHY pass (managing design hierarchy).
Attribute `top' found on module `top_wrapper'. Setting top module to top_wrapper.

2.1. Analyzing design hierarchy..
Top module:  \top_wrapper

2.2. Analyzing design hierarchy..
Top module:  \top_wrapper
Removed 0 unused modules.

3. Executing FORMALFF pass.

4. Executing FLATTEN pass (flatten design).

5. Executing SETUNDEF pass (replace undef values with defined constants).

6. Executing OPT pass (performing simple optimizations).

6.1. Executing OPT_EXPR pass (perform const folding).
Optimizing module top_wrapper.
<suppressed ~1014 debug messages>

6.2. Executing OPT_MERGE pass (detect identical cells).
Finding identical cells in module `\top_wrapper'.
Computing hashes of 29829 cells of `\top_wrapper'.
Finding duplicate cells in `\top_wrapper'.
Computing hashes of 29820 cells of `\top_wrapper'.
Finding duplicate cells in `\top_wrapper'.
Computing hashes of 29819 cells of `\top_wrapper'.
Finding duplicate cells in `\top_wrapper'.
<suppressed ~30 debug messages>
Removed a total of 10 cells.

6.3. Executing OPT_MUXTREE pass (detect dead branches in mux trees).
Running muxtree optimizer on module \top_wrapper..
  Creating internal representation of mux trees.
  Evaluating internal representation of mux trees.
  Analyzing evaluation results.
    dead port 1/3 on $pmux $procmux$12354.
    dead port 2/3 on $pmux $procmux$12354.
    dead port 3/3 on $pmux $procmux$12354.
    dead port 1/3 on $pmux $procmux$12358.
    dead port 2/3 on $pmux $procmux$12358.
    dead port 3/3 on $pmux $procmux$12358.
    dead port 1/3 on $pmux $procmux$12363.
    dead port 2/3 on $pmux $procmux$12363.
    dead port 3/3 on $pmux $procmux$12363.
    dead port 1/2 on $mux $procmux$12371.
    dead port 2/2 on $mux $procmux$12371.
    dead port 1/3 on $pmux $procmux$12376.
    dead port 2/3 on $pmux $procmux$12376.
    dead port 3/3 on $pmux $procmux$12376.
    dead port 1/3 on $pmux $procmux$13031.
    dead port 2/3 on $pmux $procmux$13031.
    dead port 3/3 on $pmux $procmux$13031.
    dead port 1/3 on $pmux $procmux$13035.
    dead port 2/3 on $pmux $procmux$13035.
    dead port 3/3 on $pmux $procmux$13035.
    dead port 1/3 on $pmux $procmux$13040.
    dead port 2/3 on $pmux $procmux$13040.
    dead port 3/3 on $pmux $procmux$13040.
    dead port 1/2 on $mux $procmux$13048.
    dead port 2/2 on $mux $procmux$13048.
    dead port 1/3 on $pmux $procmux$13053.
    dead port 2/3 on $pmux $procmux$13053.
    dead port 3/3 on $pmux $procmux$13053.
    dead port 1/3 on $pmux $procmux$13708.
    dead port 2/3 on $pmux $procmux$13708.
    dead port 3/3 on $pmux $procmux$13708.
    dead port 1/3 on $pmux $procmux$13712.
    dead port 2/3 on $pmux $procmux$13712.
    dead port 3/3 on $pmux $procmux$13712.
    dead port 1/3 on $pmux $procmux$13717.
    dead port 2/3 on $pmux $procmux$13717.
    dead port 3/3 on $pmux $procmux$13717.
    dead port 1/2 on $mux $procmux$13725.
    dead port 2/2 on $mux $procmux$13725.
    dead port 1/3 on $pmux $procmux$13730.
    dead port 2/3 on $pmux $procmux$13730.
    dead port 3/3 on $pmux $procmux$13730.
    dead port 1/3 on $pmux $procmux$14385.
    dead port 2/3 on $pmux $procmux$14385.
    dead port 3/3 on $pmux $procmux$14385.
    dead port 1/3 on $pmux $procmux$14389.
    dead port 2/3 on $pmux $procmux$14389.
    dead port 3/3 on $pmux $procmux$14389.
    dead port 1/3 on $pmux $procmux$14394.
    dead port 2/3 on $pmux $procmux$14394.
    dead port 3/3 on $pmux $procmux$14394.
    dead port 1/2 on $mux $procmux$14402.
    dead port 2/2 on $mux $procmux$14402.
    dead port 1/3 on $pmux $procmux$14407.
    dead port 2/3 on $pmux $procmux$14407.
    dead port 3/3 on $pmux $procmux$14407.
    dead port 1/3 on $pmux $procmux$15062.
    dead port 2/3 on $pmux $procmux$15062.
    dead port 3/3 on $pmux $procmux$15062.
    dead port 1/3 on $pmux $procmux$15066.
    dead port 2/3 on $pmux $procmux$15066.
    dead port 3/3 on $pmux $procmux$15066.
    dead port 1/3 on $pmux $procmux$15071.
    dead port 2/3 on $pmux $procmux$15071.
    dead port 3/3 on $pmux $procmux$15071.
    dead port 1/2 on $mux $procmux$15079.
    dead port 2/2 on $mux $procmux$15079.
    dead port 1/3 on $pmux $procmux$15084.
    dead port 2/3 on $pmux $procmux$15084.
    dead port 3/3 on $pmux $procmux$15084.
    dead port 1/3 on $pmux $procmux$15743.
    dead port 2/3 on $pmux $procmux$15743.
    dead port 3/3 on $pmux $procmux$15743.
    dead port 1/3 on $pmux $procmux$15746.
    dead port 2/3 on $pmux $procmux$15746.
    dead port 3/3 on $pmux $procmux$15746.
    dead port 1/3 on $pmux $procmux$15749.
    dead port 2/3 on $pmux $procmux$15749.
    dead port 3/3 on $pmux $procmux$15749.
    dead port 1/3 on $pmux $procmux$15752.
    dead port 2/3 on $pmux $procmux$15752.
    dead port 3/3 on $pmux $procmux$15752.
    dead port 1/3 on $pmux $procmux$15755.
    dead port 2/3 on $pmux $procmux$15755.
    dead port 3/3 on $pmux $procmux$15755.
    dead port 1/3 on $pmux $procmux$15758.
    dead port 2/3 on $pmux $procmux$15758.
    dead port 3/3 on $pmux $procmux$15758.
    dead port 1/3 on $pmux $procmux$15770.
    dead port 2/3 on $pmux $procmux$15770.
    dead port 3/3 on $pmux $procmux$15770.
    dead port 1/3 on $pmux $procmux$15773.
    dead port 2/3 on $pmux $procmux$15773.
    dead port 3/3 on $pmux $procmux$15773.
    dead port 1/3 on $pmux $procmux$15776.
    dead port 2/3 on $pmux $procmux$15776.
    dead port 3/3 on $pmux $procmux$15776.
    dead port 1/3 on $pmux $procmux$15779.
    dead port 2/3 on $pmux $procmux$15779.
    dead port 3/3 on $pmux $procmux$15779.
    dead port 1/3 on $pmux $procmux$15782.
    dead port 2/3 on $pmux $procmux$15782.
    dead port 3/3 on $pmux $procmux$15782.
    dead port 1/3 on $pmux $procmux$15785.
    dead port 2/3 on $pmux $procmux$15785.
    dead port 3/3 on $pmux $procmux$15785.
    dead port 1/3 on $pmux $procmux$15808.
    dead port 2/3 on $pmux $procmux$15808.
    dead port 3/3 on $pmux $procmux$15808.
    dead port 1/3 on $pmux $procmux$15811.
    dead port 2/3 on $pmux $procmux$15811.
    dead port 3/3 on $pmux $procmux$15811.
    dead port 1/3 on $pmux $procmux$15814.
    dead port 2/3 on $pmux $procmux$15814.
    dead port 3/3 on $pmux $procmux$15814.
    dead port 1/3 on $pmux $procmux$15817.
    dead port 2/3 on $pmux $procmux$15817.
    dead port 3/3 on $pmux $procmux$15817.
    dead port 1/3 on $pmux $procmux$15820.
    dead port 2/3 on $pmux $procmux$15820.
    dead port 3/3 on $pmux $procmux$15820.
    dead port 1/3 on $pmux $procmux$15823.
    dead port 2/3 on $pmux $procmux$15823.
    dead port 3/3 on $pmux $procmux$15823.
    dead port 1/3 on $pmux $procmux$15835.
    dead port 2/3 on $pmux $procmux$15835.
    dead port 3/3 on $pmux $procmux$15835.
    dead port 1/3 on $pmux $procmux$15838.
    dead port 2/3 on $pmux $procmux$15838.
    dead port 3/3 on $pmux $procmux$15838.
    dead port 1/3 on $pmux $procmux$15841.
    dead port 2/3 on $pmux $procmux$15841.
    dead port 3/3 on $pmux $procmux$15841.
    dead port 1/3 on $pmux $procmux$15844.
    dead port 2/3 on $pmux $procmux$15844.
    dead port 3/3 on $pmux $procmux$15844.
    dead port 1/3 on $pmux $procmux$15847.
    dead port 2/3 on $pmux $procmux$15847.
    dead port 3/3 on $pmux $procmux$15847.
    dead port 1/3 on $pmux $procmux$15850.
    dead port 2/3 on $pmux $procmux$15850.
    dead port 3/3 on $pmux $procmux$15850.
    dead port 1/3 on $pmux $procmux$15874.
    dead port 2/3 on $pmux $procmux$15874.
    dead port 3/3 on $pmux $procmux$15874.
    dead port 1/3 on $pmux $procmux$15877.
    dead port 2/3 on $pmux $procmux$15877.
    dead port 3/3 on $pmux $procmux$15877.
    dead port 1/3 on $pmux $procmux$15880.
    dead port 2/3 on $pmux $procmux$15880.
    dead port 3/3 on $pmux $procmux$15880.
    dead port 1/3 on $pmux $procmux$15883.
    dead port 2/3 on $pmux $procmux$15883.
    dead port 3/3 on $pmux $procmux$15883.
    dead port 1/3 on $pmux $procmux$15886.
    dead port 2/3 on $pmux $procmux$15886.
    dead port 3/3 on $pmux $procmux$15886.
    dead port 1/3 on $pmux $procmux$15889.
    dead port 2/3 on $pmux $procmux$15889.
    dead port 3/3 on $pmux $procmux$15889.
    dead port 1/3 on $pmux $procmux$15901.
    dead port 2/3 on $pmux $procmux$15901.
    dead port 3/3 on $pmux $procmux$15901.
    dead port 1/3 on $pmux $procmux$15904.
    dead port 2/3 on $pmux $procmux$15904.
    dead port 3/3 on $pmux $procmux$15904.
    dead port 1/3 on $pmux $procmux$15907.
    dead port 2/3 on $pmux $procmux$15907.
    dead port 3/3 on $pmux $procmux$15907.
    dead port 1/3 on $pmux $procmux$15910.
    dead port 2/3 on $pmux $procmux$15910.
    dead port 3/3 on $pmux $procmux$15910.
    dead port 1/3 on $pmux $procmux$15913.
    dead port 2/3 on $pmux $procmux$15913.
    dead port 3/3 on $pmux $procmux$15913.
    dead port 1/3 on $pmux $procmux$15916.
    dead port 2/3 on $pmux $procmux$15916.
    dead port 3/3 on $pmux $procmux$15916.
    dead port 1/3 on $pmux $procmux$15946.
    dead port 2/3 on $pmux $procmux$15946.
    dead port 3/3 on $pmux $procmux$15946.
    dead port 1/3 on $pmux $procmux$15949.
    dead port 2/3 on $pmux $procmux$15949.
    dead port 3/3 on $pmux $procmux$15949.
    dead port 1/3 on $pmux $procmux$15952.
    dead port 2/3 on $pmux $procmux$15952.
    dead port 3/3 on $pmux $procmux$15952.
    dead port 1/3 on $pmux $procmux$15955.
    dead port 2/3 on $pmux $procmux$15955.
    dead port 3/3 on $pmux $procmux$15955.
    dead port 1/3 on $pmux $procmux$15958.
    dead port 2/3 on $pmux $procmux$15958.
    dead port 3/3 on $pmux $procmux$15958.
    dead port 1/3 on $pmux $procmux$15961.
    dead port 2/3 on $pmux $procmux$15961.
    dead port 3/3 on $pmux $procmux$15961.
    dead port 1/3 on $pmux $procmux$15973.
    dead port 2/3 on $pmux $procmux$15973.
    dead port 3/3 on $pmux $procmux$15973.
    dead port 1/3 on $pmux $procmux$15976.
    dead port 2/3 on $pmux $procmux$15976.
    dead port 3/3 on $pmux $procmux$15976.
    dead port 1/3 on $pmux $procmux$15979.
    dead port 2/3 on $pmux $procmux$15979.
    dead port 3/3 on $pmux $procmux$15979.
    dead port 1/3 on $pmux $procmux$15982.
    dead port 2/3 on $pmux $procmux$15982.
    dead port 3/3 on $pmux $procmux$15982.
    dead port 1/3 on $pmux $procmux$15985.
    dead port 2/3 on $pmux $procmux$15985.
    dead port 3/3 on $pmux $procmux$15985.
    dead port 1/3 on $pmux $procmux$15988.
    dead port 2/3 on $pmux $procmux$15988.
    dead port 3/3 on $pmux $procmux$15988.
    dead port 1/3 on $pmux $procmux$16019.
    dead port 2/3 on $pmux $procmux$16019.
    dead port 3/3 on $pmux $procmux$16019.
    dead port 1/3 on $pmux $procmux$16022.
    dead port 2/3 on $pmux $procmux$16022.
    dead port 3/3 on $pmux $procmux$16022.
    dead port 1/3 on $pmux $procmux$16025.
    dead port 2/3 on $pmux $procmux$16025.
    dead port 3/3 on $pmux $procmux$16025.
    dead port 1/3 on $pmux $procmux$16028.
    dead port 2/3 on $pmux $procmux$16028.
    dead port 3/3 on $pmux $procmux$16028.
    dead port 1/3 on $pmux $procmux$16031.
    dead port 2/3 on $pmux $procmux$16031.
    dead port 3/3 on $pmux $procmux$16031.
    dead port 1/3 on $pmux $procmux$16034.
    dead port 2/3 on $pmux $procmux$16034.
    dead port 3/3 on $pmux $procmux$16034.
    dead port 1/3 on $pmux $procmux$16046.
    dead port 2/3 on $pmux $procmux$16046.
    dead port 3/3 on $pmux $procmux$16046.
    dead port 1/3 on $pmux $procmux$16049.
    dead port 2/3 on $pmux $procmux$16049.
    dead port 3/3 on $pmux $procmux$16049.
    dead port 1/3 on $pmux $procmux$16052.
    dead port 2/3 on $pmux $procmux$16052.
    dead port 3/3 on $pmux $procmux$16052.
    dead port 1/3 on $pmux $procmux$16055.
    dead port 2/3 on $pmux $procmux$16055.
    dead port 3/3 on $pmux $procmux$16055.
    dead port 1/3 on $pmux $procmux$16058.
    dead port 2/3 on $pmux $procmux$16058.
    dead port 3/3 on $pmux $procmux$16058.
    dead port 1/3 on $pmux $procmux$16061.
    dead port 2/3 on $pmux $procmux$16061.
    dead port 3/3 on $pmux $procmux$16061.
    dead port 1/3 on $pmux $procmux$16070.
    dead port 2/3 on $pmux $procmux$16070.
    dead port 3/3 on $pmux $procmux$16070.
    dead port 1/3 on $pmux $procmux$16073.
    dead port 2/3 on $pmux $procmux$16073.
    dead port 3/3 on $pmux $procmux$16073.
    dead port 1/3 on $pmux $procmux$16076.
    dead port 2/3 on $pmux $procmux$16076.
    dead port 3/3 on $pmux $procmux$16076.
    dead port 1/3 on $pmux $procmux$16079.
    dead port 2/3 on $pmux $procmux$16079.
    dead port 3/3 on $pmux $procmux$16079.
    dead port 1/3 on $pmux $procmux$16104.
    dead port 2/3 on $pmux $procmux$16104.
    dead port 3/3 on $pmux $procmux$16104.
    dead port 1/3 on $pmux $procmux$16113.
    dead port 2/3 on $pmux $procmux$16113.
    dead port 3/3 on $pmux $procmux$16113.
    dead port 1/3 on $pmux $procmux$16122.
    dead port 2/3 on $pmux $procmux$16122.
    dead port 3/3 on $pmux $procmux$16122.
    dead port 1/3 on $pmux $procmux$16125.
    dead port 2/3 on $pmux $procmux$16125.
    dead port 3/3 on $pmux $procmux$16125.
    dead port 1/3 on $pmux $procmux$16131.
    dead port 2/3 on $pmux $procmux$16131.
    dead port 3/3 on $pmux $procmux$16131.
    dead port 1/3 on $pmux $procmux$16134.
    dead port 2/3 on $pmux $procmux$16134.
    dead port 3/3 on $pmux $procmux$16134.
    dead port 1/3 on $pmux $procmux$16140.
    dead port 2/3 on $pmux $procmux$16140.
    dead port 3/3 on $pmux $procmux$16140.
    dead port 1/3 on $pmux $procmux$16143.
    dead port 2/3 on $pmux $procmux$16143.
    dead port 3/3 on $pmux $procmux$16143.
    dead port 1/2 on $mux $procmux$16247.
    dead port 2/2 on $mux $procmux$16247.
    dead port 1/2 on $mux $procmux$16250.
    dead port 2/2 on $mux $procmux$16250.
    dead port 1/2 on $mux $procmux$16256.
    dead port 2/2 on $mux $procmux$16256.
    dead port 1/2 on $mux $procmux$16259.
    dead port 2/2 on $mux $procmux$16259.
    dead port 1/3 on $pmux $procmux$16265.
    dead port 2/3 on $pmux $procmux$16265.
    dead port 3/3 on $pmux $procmux$16265.
    dead port 1/3 on $pmux $procmux$16268.
    dead port 2/3 on $pmux $procmux$16268.
    dead port 3/3 on $pmux $procmux$16268.
    dead port 1/3 on $pmux $procmux$16274.
    dead port 2/3 on $pmux $procmux$16274.
    dead port 3/3 on $pmux $procmux$16274.
    dead port 1/3 on $pmux $procmux$16277.
    dead port 2/3 on $pmux $procmux$16277.
    dead port 3/3 on $pmux $procmux$16277.
    dead port 1/3 on $pmux $procmux$16283.
    dead port 2/3 on $pmux $procmux$16283.
    dead port 3/3 on $pmux $procmux$16283.
    dead port 1/3 on $pmux $procmux$16286.
    dead port 2/3 on $pmux $procmux$16286.
    dead port 3/3 on $pmux $procmux$16286.
    dead port 1/3 on $pmux $procmux$16292.
    dead port 2/3 on $pmux $procmux$16292.
    dead port 3/3 on $pmux $procmux$16292.
    dead port 1/3 on $pmux $procmux$16295.
    dead port 2/3 on $pmux $procmux$16295.
    dead port 3/3 on $pmux $procmux$16295.
    dead port 1/2 on $mux $procmux$16337.
    dead port 2/2 on $mux $procmux$16337.
    dead port 1/2 on $mux $procmux$16340.
    dead port 2/2 on $mux $procmux$16340.
    dead port 1/2 on $mux $procmux$16346.
    dead port 2/2 on $mux $procmux$16346.
    dead port 1/2 on $mux $procmux$16349.
    dead port 2/2 on $mux $procmux$16349.
    dead port 1/3 on $pmux $procmux$16355.
    dead port 2/3 on $pmux $procmux$16355.
    dead port 3/3 on $pmux $procmux$16355.
    dead port 1/3 on $pmux $procmux$16358.
    dead port 2/3 on $pmux $procmux$16358.
    dead port 3/3 on $pmux $procmux$16358.
    dead port 1/3 on $pmux $procmux$16364.
    dead port 2/3 on $pmux $procmux$16364.
    dead port 3/3 on $pmux $procmux$16364.
    dead port 1/3 on $pmux $procmux$16367.
    dead port 2/3 on $pmux $procmux$16367.
    dead port 3/3 on $pmux $procmux$16367.
    dead port 1/3 on $pmux $procmux$16391.
    dead port 2/3 on $pmux $procmux$16391.
    dead port 3/3 on $pmux $procmux$16391.
    dead port 1/3 on $pmux $procmux$16394.
    dead port 2/3 on $pmux $procmux$16394.
    dead port 3/3 on $pmux $procmux$16394.
    dead port 1/3 on $pmux $procmux$16400.
    dead port 2/3 on $pmux $procmux$16400.
    dead port 3/3 on $pmux $procmux$16400.
    dead port 1/3 on $pmux $procmux$16403.
    dead port 2/3 on $pmux $procmux$16403.
    dead port 3/3 on $pmux $procmux$16403.
    dead port 1/2 on $mux $procmux$16409.
    dead port 2/2 on $mux $procmux$16409.
    dead port 1/2 on $mux $procmux$16412.
    dead port 2/2 on $mux $procmux$16412.
    dead port 1/2 on $mux $procmux$16418.
    dead port 2/2 on $mux $procmux$16418.
    dead port 1/2 on $mux $procmux$16421.
    dead port 2/2 on $mux $procmux$16421.
    dead port 1/3 on $pmux $procmux$16430.
    dead port 2/3 on $pmux $procmux$16430.
    dead port 3/3 on $pmux $procmux$16430.
    dead port 1/3 on $pmux $procmux$16433.
    dead port 2/3 on $pmux $procmux$16433.
    dead port 3/3 on $pmux $procmux$16433.
    dead port 1/3 on $pmux $procmux$16436.
    dead port 2/3 on $pmux $procmux$16436.
    dead port 3/3 on $pmux $procmux$16436.
    dead port 1/3 on $pmux $procmux$16439.
    dead port 2/3 on $pmux $procmux$16439.
    dead port 3/3 on $pmux $procmux$16439.
    dead port 1/3 on $pmux $procmux$16464.
    dead port 2/3 on $pmux $procmux$16464.
    dead port 3/3 on $pmux $procmux$16464.
    dead port 1/3 on $pmux $procmux$16473.
    dead port 2/3 on $pmux $procmux$16473.
    dead port 3/3 on $pmux $procmux$16473.
    dead port 1/3 on $pmux $procmux$16482.
    dead port 2/3 on $pmux $procmux$16482.
    dead port 3/3 on $pmux $procmux$16482.
    dead port 1/3 on $pmux $procmux$16485.
    dead port 2/3 on $pmux $procmux$16485.
    dead port 3/3 on $pmux $procmux$16485.
    dead port 1/3 on $pmux $procmux$16491.
    dead port 2/3 on $pmux $procmux$16491.
    dead port 3/3 on $pmux $procmux$16491.
    dead port 1/3 on $pmux $procmux$16494.
    dead port 2/3 on $pmux $procmux$16494.
    dead port 3/3 on $pmux $procmux$16494.
    dead port 1/3 on $pmux $procmux$16500.
    dead port 2/3 on $pmux $procmux$16500.
    dead port 3/3 on $pmux $procmux$16500.
    dead port 1/3 on $pmux $procmux$16503.
    dead port 2/3 on $pmux $procmux$16503.
    dead port 3/3 on $pmux $procmux$16503.
    dead port 1/2 on $mux $procmux$16607.
    dead port 2/2 on $mux $procmux$16607.
    dead port 1/2 on $mux $procmux$16610.
    dead port 2/2 on $mux $procmux$16610.
    dead port 1/2 on $mux $procmux$16616.
    dead port 2/2 on $mux $procmux$16616.
    dead port 1/2 on $mux $procmux$16619.
    dead port 2/2 on $mux $procmux$16619.
    dead port 1/3 on $pmux $procmux$16625.
    dead port 2/3 on $pmux $procmux$16625.
    dead port 3/3 on $pmux $procmux$16625.
    dead port 1/3 on $pmux $procmux$16628.
    dead port 2/3 on $pmux $procmux$16628.
    dead port 3/3 on $pmux $procmux$16628.
    dead port 1/3 on $pmux $procmux$16634.
    dead port 2/3 on $pmux $procmux$16634.
    dead port 3/3 on $pmux $procmux$16634.
    dead port 1/3 on $pmux $procmux$16637.
    dead port 2/3 on $pmux $procmux$16637.
    dead port 3/3 on $pmux $procmux$16637.
    dead port 1/3 on $pmux $procmux$16643.
    dead port 2/3 on $pmux $procmux$16643.
    dead port 3/3 on $pmux $procmux$16643.
    dead port 1/3 on $pmux $procmux$16646.
    dead port 2/3 on $pmux $procmux$16646.
    dead port 3/3 on $pmux $procmux$16646.
    dead port 1/3 on $pmux $procmux$16652.
    dead port 2/3 on $pmux $procmux$16652.
    dead port 3/3 on $pmux $procmux$16652.
    dead port 1/3 on $pmux $procmux$16655.
    dead port 2/3 on $pmux $procmux$16655.
    dead port 3/3 on $pmux $procmux$16655.
    dead port 1/2 on $mux $procmux$16697.
    dead port 2/2 on $mux $procmux$16697.
    dead port 1/2 on $mux $procmux$16700.
    dead port 2/2 on $mux $procmux$16700.
    dead port 1/2 on $mux $procmux$16706.
    dead port 2/2 on $mux $procmux$16706.
    dead port 1/2 on $mux $procmux$16709.
    dead port 2/2 on $mux $procmux$16709.
    dead port 1/3 on $pmux $procmux$16715.
    dead port 2/3 on $pmux $procmux$16715.
    dead port 3/3 on $pmux $procmux$16715.
    dead port 1/3 on $pmux $procmux$16718.
    dead port 2/3 on $pmux $procmux$16718.
    dead port 3/3 on $pmux $procmux$16718.
    dead port 1/3 on $pmux $procmux$16724.
    dead port 2/3 on $pmux $procmux$16724.
    dead port 3/3 on $pmux $procmux$16724.
    dead port 1/3 on $pmux $procmux$16727.
    dead port 2/3 on $pmux $procmux$16727.
    dead port 3/3 on $pmux $procmux$16727.
    dead port 1/3 on $pmux $procmux$16751.
    dead port 2/3 on $pmux $procmux$16751.
    dead port 3/3 on $pmux $procmux$16751.
    dead port 1/3 on $pmux $procmux$16754.
    dead port 2/3 on $pmux $procmux$16754.
    dead port 3/3 on $pmux $procmux$16754.
    dead port 1/3 on $pmux $procmux$16760.
    dead port 2/3 on $pmux $procmux$16760.
    dead port 3/3 on $pmux $procmux$16760.
    dead port 1/3 on $pmux $procmux$16763.
    dead port 2/3 on $pmux $procmux$16763.
    dead port 3/3 on $pmux $procmux$16763.
    dead port 1/2 on $mux $procmux$16769.
    dead port 2/2 on $mux $procmux$16769.
    dead port 1/2 on $mux $procmux$16772.
    dead port 2/2 on $mux $procmux$16772.
    dead port 1/2 on $mux $procmux$16778.
    dead port 2/2 on $mux $procmux$16778.
    dead port 1/2 on $mux $procmux$16781.
    dead port 2/2 on $mux $procmux$16781.
    dead port 1/3 on $pmux $procmux$16799.
    dead port 2/3 on $pmux $procmux$16799.
    dead port 3/3 on $pmux $procmux$16799.
    dead port 1/3 on $pmux $procmux$16824.
    dead port 2/3 on $pmux $procmux$16824.
    dead port 3/3 on $pmux $procmux$16824.
    dead port 1/3 on $pmux $procmux$16842.
    dead port 2/3 on $pmux $procmux$16842.
    dead port 3/3 on $pmux $procmux$16842.
    dead port 1/3 on $pmux $procmux$16860.
    dead port 2/3 on $pmux $procmux$16860.
    dead port 3/3 on $pmux $procmux$16860.
    dead port 1/2 on $mux $procmux$16976.
    dead port 2/2 on $mux $procmux$16976.
    dead port 1/3 on $pmux $procmux$16994.
    dead port 2/3 on $pmux $procmux$16994.
    dead port 3/3 on $pmux $procmux$16994.
    dead port 1/3 on $pmux $procmux$17012.
    dead port 2/3 on $pmux $procmux$17012.
    dead port 3/3 on $pmux $procmux$17012.
    dead port 1/2 on $mux $procmux$17066.
    dead port 2/2 on $mux $procmux$17066.
    dead port 1/3 on $pmux $procmux$17084.
    dead port 2/3 on $pmux $procmux$17084.
    dead port 3/3 on $pmux $procmux$17084.
    dead port 1/3 on $pmux $procmux$17120.
    dead port 2/3 on $pmux $procmux$17120.
    dead port 3/3 on $pmux $procmux$17120.
    dead port 1/2 on $mux $procmux$17138.
    dead port 2/2 on $mux $procmux$17138.
    dead port 1/3 on $pmux $procmux$17150.
    dead port 2/3 on $pmux $procmux$17150.
    dead port 3/3 on $pmux $procmux$17150.
    dead port 1/3 on $pmux $procmux$17153.
    dead port 2/3 on $pmux $procmux$17153.
    dead port 3/3 on $pmux $procmux$17153.
    dead port 1/3 on $pmux $procmux$17159.
    dead port 2/3 on $pmux $procmux$17159.
    dead port 3/3 on $pmux $procmux$17159.
    dead port 1/3 on $pmux $procmux$17184.
    dead port 2/3 on $pmux $procmux$17184.
    dead port 3/3 on $pmux $procmux$17184.
    dead port 1/3 on $pmux $procmux$17193.
    dead port 2/3 on $pmux $procmux$17193.
    dead port 3/3 on $pmux $procmux$17193.
    dead port 1/3 on $pmux $procmux$17202.
    dead port 2/3 on $pmux $procmux$17202.
    dead port 3/3 on $pmux $procmux$17202.
    dead port 1/3 on $pmux $procmux$17205.
    dead port 2/3 on $pmux $procmux$17205.
    dead port 3/3 on $pmux $procmux$17205.
    dead port 1/3 on $pmux $procmux$17211.
    dead port 2/3 on $pmux $procmux$17211.
    dead port 3/3 on $pmux $procmux$17211.
    dead port 1/3 on $pmux $procmux$17220.
    dead port 2/3 on $pmux $procmux$17220.
    dead port 3/3 on $pmux $procmux$17220.
    dead port 1/3 on $pmux $procmux$17223.
    dead port 2/3 on $pmux $procmux$17223.
    dead port 3/3 on $pmux $procmux$17223.
    dead port 1/2 on $mux $procmux$17327.
    dead port 2/2 on $mux $procmux$17327.
    dead port 1/2 on $mux $procmux$17336.
    dead port 2/2 on $mux $procmux$17336.
    dead port 1/2 on $mux $procmux$17339.
    dead port 2/2 on $mux $procmux$17339.
    dead port 1/3 on $pmux $procmux$17345.
    dead port 2/3 on $pmux $procmux$17345.
    dead port 3/3 on $pmux $procmux$17345.
    dead port 1/3 on $pmux $procmux$17354.
    dead port 2/3 on $pmux $procmux$17354.
    dead port 3/3 on $pmux $procmux$17354.
    dead port 1/3 on $pmux $procmux$17357.
    dead port 2/3 on $pmux $procmux$17357.
    dead port 3/3 on $pmux $procmux$17357.
    dead port 1/3 on $pmux $procmux$17363.
    dead port 2/3 on $pmux $procmux$17363.
    dead port 3/3 on $pmux $procmux$17363.
    dead port 1/3 on $pmux $procmux$17372.
    dead port 2/3 on $pmux $procmux$17372.
    dead port 3/3 on $pmux $procmux$17372.
    dead port 1/3 on $pmux $procmux$17375.
    dead port 2/3 on $pmux $procmux$17375.
    dead port 3/3 on $pmux $procmux$17375.
    dead port 1/2 on $mux $procmux$17417.
    dead port 2/2 on $mux $procmux$17417.
    dead port 1/2 on $mux $procmux$17426.
    dead port 2/2 on $mux $procmux$17426.
    dead port 1/2 on $mux $procmux$17429.
    dead port 2/2 on $mux $procmux$17429.
    dead port 1/3 on $pmux $procmux$17435.
    dead port 2/3 on $pmux $procmux$17435.
    dead port 3/3 on $pmux $procmux$17435.
    dead port 1/3 on $pmux $procmux$17444.
    dead port 2/3 on $pmux $procmux$17444.
    dead port 3/3 on $pmux $procmux$17444.
    dead port 1/3 on $pmux $procmux$17447.
    dead port 2/3 on $pmux $procmux$17447.
    dead port 3/3 on $pmux $procmux$17447.
    dead port 1/3 on $pmux $procmux$17471.
    dead port 2/3 on $pmux $procmux$17471.
    dead port 3/3 on $pmux $procmux$17471.
    dead port 1/3 on $pmux $procmux$17480.
    dead port 2/3 on $pmux $procmux$17480.
    dead port 3/3 on $pmux $procmux$17480.
    dead port 1/3 on $pmux $procmux$17483.
    dead port 2/3 on $pmux $procmux$17483.
    dead port 3/3 on $pmux $procmux$17483.
    dead port 1/2 on $mux $procmux$17489.
    dead port 2/2 on $mux $procmux$17489.
    dead port 1/2 on $mux $procmux$17498.
    dead port 2/2 on $mux $procmux$17498.
    dead port 1/2 on $mux $procmux$17501.
    dead port 2/2 on $mux $procmux$17501.
    dead port 1/3 on $pmux $procmux$18132.
    dead port 2/3 on $pmux $procmux$18132.
    dead port 3/3 on $pmux $procmux$18132.
    dead port 1/3 on $pmux $procmux$18135.
    dead port 2/3 on $pmux $procmux$18135.
    dead port 3/3 on $pmux $procmux$18135.
    dead port 1/3 on $pmux $procmux$18138.
    dead port 2/3 on $pmux $procmux$18138.
    dead port 3/3 on $pmux $procmux$18138.
    dead port 1/3 on $pmux $procmux$18151.
    dead port 2/3 on $pmux $procmux$18151.
    dead port 3/3 on $pmux $procmux$18151.
    dead port 1/3 on $pmux $procmux$18154.
    dead port 2/3 on $pmux $procmux$18154.
    dead port 3/3 on $pmux $procmux$18154.
    dead port 1/3 on $pmux $procmux$18157.
    dead port 2/3 on $pmux $procmux$18157.
    dead port 3/3 on $pmux $procmux$18157.
    dead port 1/3 on $pmux $procmux$18170.
    dead port 2/3 on $pmux $procmux$18170.
    dead port 3/3 on $pmux $procmux$18170.
    dead port 1/3 on $pmux $procmux$18173.
    dead port 2/3 on $pmux $procmux$18173.
    dead port 3/3 on $pmux $procmux$18173.
    dead port 1/3 on $pmux $procmux$18176.
    dead port 2/3 on $pmux $procmux$18176.
    dead port 3/3 on $pmux $procmux$18176.
    dead port 1/3 on $pmux $procmux$18189.
    dead port 2/3 on $pmux $procmux$18189.
    dead port 3/3 on $pmux $procmux$18189.
    dead port 1/3 on $pmux $procmux$18192.
    dead port 2/3 on $pmux $procmux$18192.
    dead port 3/3 on $pmux $procmux$18192.
    dead port 1/3 on $pmux $procmux$18195.
    dead port 2/3 on $pmux $procmux$18195.
    dead port 3/3 on $pmux $procmux$18195.
    dead port 1/3 on $pmux $procmux$18208.
    dead port 2/3 on $pmux $procmux$18208.
    dead port 3/3 on $pmux $procmux$18208.
    dead port 1/3 on $pmux $procmux$18211.
    dead port 2/3 on $pmux $procmux$18211.
    dead port 3/3 on $pmux $procmux$18211.
    dead port 1/3 on $pmux $procmux$18214.
    dead port 2/3 on $pmux $procmux$18214.
    dead port 3/3 on $pmux $procmux$18214.
    dead port 1/3 on $pmux $procmux$18227.
    dead port 2/3 on $pmux $procmux$18227.
    dead port 3/3 on $pmux $procmux$18227.
    dead port 1/3 on $pmux $procmux$18230.
    dead port 2/3 on $pmux $procmux$18230.
    dead port 3/3 on $pmux $procmux$18230.
    dead port 1/3 on $pmux $procmux$18233.
    dead port 2/3 on $pmux $procmux$18233.
    dead port 3/3 on $pmux $procmux$18233.
    dead port 1/3 on $pmux $procmux$18246.
    dead port 2/3 on $pmux $procmux$18246.
    dead port 3/3 on $pmux $procmux$18246.
    dead port 1/3 on $pmux $procmux$18249.
    dead port 2/3 on $pmux $procmux$18249.
    dead port 3/3 on $pmux $procmux$18249.
    dead port 1/3 on $pmux $procmux$18252.
    dead port 2/3 on $pmux $procmux$18252.
    dead port 3/3 on $pmux $procmux$18252.
    dead port 1/3 on $pmux $procmux$18265.
    dead port 2/3 on $pmux $procmux$18265.
    dead port 3/3 on $pmux $procmux$18265.
    dead port 1/3 on $pmux $procmux$18268.
    dead port 2/3 on $pmux $procmux$18268.
    dead port 3/3 on $pmux $procmux$18268.
    dead port 1/3 on $pmux $procmux$18271.
    dead port 2/3 on $pmux $procmux$18271.
    dead port 3/3 on $pmux $procmux$18271.
    dead port 1/3 on $pmux $procmux$18284.
    dead port 2/3 on $pmux $procmux$18284.
    dead port 3/3 on $pmux $procmux$18284.
    dead port 1/3 on $pmux $procmux$18287.
    dead port 2/3 on $pmux $procmux$18287.
    dead port 3/3 on $pmux $procmux$18287.
    dead port 1/3 on $pmux $procmux$18290.
    dead port 2/3 on $pmux $procmux$18290.
    dead port 3/3 on $pmux $procmux$18290.
    dead port 1/3 on $pmux $procmux$18296.
    dead port 2/3 on $pmux $procmux$18296.
    dead port 3/3 on $pmux $procmux$18296.
    dead port 1/3 on $pmux $procmux$18299.
    dead port 2/3 on $pmux $procmux$18299.
    dead port 3/3 on $pmux $procmux$18299.
    dead port 1/3 on $pmux $procmux$18302.
    dead port 2/3 on $pmux $procmux$18302.
    dead port 3/3 on $pmux $procmux$18302.
    dead port 1/3 on $pmux $procmux$18305.
    dead port 2/3 on $pmux $procmux$18305.
    dead port 3/3 on $pmux $procmux$18305.
    dead port 1/3 on $pmux $procmux$18327.
    dead port 2/3 on $pmux $procmux$18327.
    dead port 3/3 on $pmux $procmux$18327.
    dead port 1/3 on $pmux $procmux$18333.
    dead port 2/3 on $pmux $procmux$18333.
    dead port 3/3 on $pmux $procmux$18333.
    dead port 1/3 on $pmux $procmux$18342.
    dead port 2/3 on $pmux $procmux$18342.
    dead port 3/3 on $pmux $procmux$18342.
    dead port 1/3 on $pmux $procmux$18345.
    dead port 2/3 on $pmux $procmux$18345.
    dead port 3/3 on $pmux $procmux$18345.
    dead port 1/3 on $pmux $procmux$18348.
    dead port 2/3 on $pmux $procmux$18348.
    dead port 3/3 on $pmux $procmux$18348.
    dead port 1/3 on $pmux $procmux$18351.
    dead port 2/3 on $pmux $procmux$18351.
    dead port 3/3 on $pmux $procmux$18351.
    dead port 1/3 on $pmux $procmux$18357.
    dead port 2/3 on $pmux $procmux$18357.
    dead port 3/3 on $pmux $procmux$18357.
    dead port 1/3 on $pmux $procmux$18360.
    dead port 2/3 on $pmux $procmux$18360.
    dead port 3/3 on $pmux $procmux$18360.
    dead port 1/3 on $pmux $procmux$18431.
    dead port 2/3 on $pmux $procmux$18431.
    dead port 3/3 on $pmux $procmux$18431.
    dead port 1/3 on $pmux $procmux$18434.
    dead port 2/3 on $pmux $procmux$18434.
    dead port 3/3 on $pmux $procmux$18434.
    dead port 1/3 on $pmux $procmux$18440.
    dead port 2/3 on $pmux $procmux$18440.
    dead port 3/3 on $pmux $procmux$18440.
    dead port 1/3 on $pmux $procmux$18443.
    dead port 2/3 on $pmux $procmux$18443.
    dead port 3/3 on $pmux $procmux$18443.
    dead port 1/3 on $pmux $procmux$18446.
    dead port 2/3 on $pmux $procmux$18446.
    dead port 3/3 on $pmux $procmux$18446.
    dead port 1/3 on $pmux $procmux$18449.
    dead port 2/3 on $pmux $procmux$18449.
    dead port 3/3 on $pmux $procmux$18449.
    dead port 1/3 on $pmux $procmux$18455.
    dead port 2/3 on $pmux $procmux$18455.
    dead port 3/3 on $pmux $procmux$18455.
    dead port 1/3 on $pmux $procmux$18458.
    dead port 2/3 on $pmux $procmux$18458.
    dead port 3/3 on $pmux $procmux$18458.
    dead port 1/3 on $pmux $procmux$18461.
    dead port 2/3 on $pmux $procmux$18461.
    dead port 3/3 on $pmux $procmux$18461.
    dead port 1/3 on $pmux $procmux$18464.
    dead port 2/3 on $pmux $procmux$18464.
    dead port 3/3 on $pmux $procmux$18464.
    dead port 1/3 on $pmux $procmux$18470.
    dead port 2/3 on $pmux $procmux$18470.
    dead port 3/3 on $pmux $procmux$18470.
    dead port 1/3 on $pmux $procmux$18473.
    dead port 2/3 on $pmux $procmux$18473.
    dead port 3/3 on $pmux $procmux$18473.
    dead port 1/3 on $pmux $procmux$18476.
    dead port 2/3 on $pmux $procmux$18476.
    dead port 3/3 on $pmux $procmux$18476.
    dead port 1/3 on $pmux $procmux$18479.
    dead port 2/3 on $pmux $procmux$18479.
    dead port 3/3 on $pmux $procmux$18479.
    dead port 1/3 on $pmux $procmux$18485.
    dead port 2/3 on $pmux $procmux$18485.
    dead port 3/3 on $pmux $procmux$18485.
    dead port 1/3 on $pmux $procmux$18488.
    dead port 2/3 on $pmux $procmux$18488.
    dead port 3/3 on $pmux $procmux$18488.
    dead port 1/3 on $pmux $procmux$18521.
    dead port 2/3 on $pmux $procmux$18521.
    dead port 3/3 on $pmux $procmux$18521.
    dead port 1/3 on $pmux $procmux$18524.
    dead port 2/3 on $pmux $procmux$18524.
    dead port 3/3 on $pmux $procmux$18524.
    dead port 1/3 on $pmux $procmux$18530.
    dead port 2/3 on $pmux $procmux$18530.
    dead port 3/3 on $pmux $procmux$18530.
    dead port 1/3 on $pmux $procmux$18533.
    dead port 2/3 on $pmux $procmux$18533.
    dead port 3/3 on $pmux $procmux$18533.
    dead port 1/3 on $pmux $procmux$18536.
    dead port 2/3 on $pmux $procmux$18536.
    dead port 3/3 on $pmux $procmux$18536.
    dead port 1/3 on $pmux $procmux$18539.
    dead port 2/3 on $pmux $procmux$18539.
    dead port 3/3 on $pmux $procmux$18539.
    dead port 1/3 on $pmux $procmux$18545.
    dead port 2/3 on $pmux $procmux$18545.
    dead port 3/3 on $pmux $procmux$18545.
    dead port 1/3 on $pmux $procmux$18548.
    dead port 2/3 on $pmux $procmux$18548.
    dead port 3/3 on $pmux $procmux$18548.
    dead port 1/3 on $pmux $procmux$18551.
    dead port 2/3 on $pmux $procmux$18551.
    dead port 3/3 on $pmux $procmux$18551.
    dead port 1/3 on $pmux $procmux$18554.
    dead port 2/3 on $pmux $procmux$18554.
    dead port 3/3 on $pmux $procmux$18554.
    dead port 1/3 on $pmux $procmux$18560.
    dead port 2/3 on $pmux $procmux$18560.
    dead port 3/3 on $pmux $procmux$18560.
    dead port 1/3 on $pmux $procmux$18563.
    dead port 2/3 on $pmux $procmux$18563.
    dead port 3/3 on $pmux $procmux$18563.
    dead port 1/3 on $pmux $procmux$18566.
    dead port 2/3 on $pmux $procmux$18566.
    dead port 3/3 on $pmux $procmux$18566.
    dead port 1/3 on $pmux $procmux$18569.
    dead port 2/3 on $pmux $procmux$18569.
    dead port 3/3 on $pmux $procmux$18569.
    dead port 1/3 on $pmux $procmux$18575.
    dead port 2/3 on $pmux $procmux$18575.
    dead port 3/3 on $pmux $procmux$18575.
    dead port 1/3 on $pmux $procmux$18578.
    dead port 2/3 on $pmux $procmux$18578.
    dead port 3/3 on $pmux $procmux$18578.
    dead port 1/3 on $pmux $procmux$18581.
    dead port 2/3 on $pmux $procmux$18581.
    dead port 3/3 on $pmux $procmux$18581.
    dead port 1/3 on $pmux $procmux$18584.
    dead port 2/3 on $pmux $procmux$18584.
    dead port 3/3 on $pmux $procmux$18584.
    dead port 1/3 on $pmux $procmux$18590.
    dead port 2/3 on $pmux $procmux$18590.
    dead port 3/3 on $pmux $procmux$18590.
    dead port 1/3 on $pmux $procmux$18593.
    dead port 2/3 on $pmux $procmux$18593.
    dead port 3/3 on $pmux $procmux$18593.
    dead port 1/3 on $pmux $procmux$18599.
    dead port 2/3 on $pmux $procmux$18599.
    dead port 3/3 on $pmux $procmux$18599.
    dead port 1/3 on $pmux $procmux$18602.
    dead port 2/3 on $pmux $procmux$18602.
    dead port 3/3 on $pmux $procmux$18602.
    dead port 1/3 on $pmux $procmux$18605.
    dead port 2/3 on $pmux $procmux$18605.
    dead port 3/3 on $pmux $procmux$18605.
    dead port 1/3 on $pmux $procmux$18608.
    dead port 2/3 on $pmux $procmux$18608.
    dead port 3/3 on $pmux $procmux$18608.
    dead port 1/3 on $pmux $procmux$18630.
    dead port 2/3 on $pmux $procmux$18630.
    dead port 3/3 on $pmux $procmux$18630.
    dead port 1/3 on $pmux $procmux$18636.
    dead port 2/3 on $pmux $procmux$18636.
    dead port 3/3 on $pmux $procmux$18636.
    dead port 1/3 on $pmux $procmux$18645.
    dead port 2/3 on $pmux $procmux$18645.
    dead port 3/3 on $pmux $procmux$18645.
    dead port 1/3 on $pmux $procmux$18648.
    dead port 2/3 on $pmux $procmux$18648.
    dead port 3/3 on $pmux $procmux$18648.
    dead port 1/3 on $pmux $procmux$18651.
    dead port 2/3 on $pmux $procmux$18651.
    dead port 3/3 on $pmux $procmux$18651.
    dead port 1/3 on $pmux $procmux$18654.
    dead port 2/3 on $pmux $procmux$18654.
    dead port 3/3 on $pmux $procmux$18654.
    dead port 1/3 on $pmux $procmux$18660.
    dead port 2/3 on $pmux $procmux$18660.
    dead port 3/3 on $pmux $procmux$18660.
    dead port 1/3 on $pmux $procmux$18663.
    dead port 2/3 on $pmux $procmux$18663.
    dead port 3/3 on $pmux $procmux$18663.
    dead port 1/3 on $pmux $procmux$18734.
    dead port 2/3 on $pmux $procmux$18734.
    dead port 3/3 on $pmux $procmux$18734.
    dead port 1/3 on $pmux $procmux$18737.
    dead port 2/3 on $pmux $procmux$18737.
    dead port 3/3 on $pmux $procmux$18737.
    dead port 1/3 on $pmux $procmux$18743.
    dead port 2/3 on $pmux $procmux$18743.
    dead port 3/3 on $pmux $procmux$18743.
    dead port 1/3 on $pmux $procmux$18746.
    dead port 2/3 on $pmux $procmux$18746.
    dead port 3/3 on $pmux $procmux$18746.
    dead port 1/3 on $pmux $procmux$18749.
    dead port 2/3 on $pmux $procmux$18749.
    dead port 3/3 on $pmux $procmux$18749.
    dead port 1/3 on $pmux $procmux$18752.
    dead port 2/3 on $pmux $procmux$18752.
    dead port 3/3 on $pmux $procmux$18752.
    dead port 1/3 on $pmux $procmux$18758.
    dead port 2/3 on $pmux $procmux$18758.
    dead port 3/3 on $pmux $procmux$18758.
    dead port 1/3 on $pmux $procmux$18761.
    dead port 2/3 on $pmux $procmux$18761.
    dead port 3/3 on $pmux $procmux$18761.
    dead port 1/3 on $pmux $procmux$18764.
    dead port 2/3 on $pmux $procmux$18764.
    dead port 3/3 on $pmux $procmux$18764.
    dead port 1/3 on $pmux $procmux$18767.
    dead port 2/3 on $pmux $procmux$18767.
    dead port 3/3 on $pmux $procmux$18767.
    dead port 1/3 on $pmux $procmux$18773.
    dead port 2/3 on $pmux $procmux$18773.
    dead port 3/3 on $pmux $procmux$18773.
    dead port 1/3 on $pmux $procmux$18776.
    dead port 2/3 on $pmux $procmux$18776.
    dead port 3/3 on $pmux $procmux$18776.
    dead port 1/3 on $pmux $procmux$18779.
    dead port 2/3 on $pmux $procmux$18779.
    dead port 3/3 on $pmux $procmux$18779.
    dead port 1/3 on $pmux $procmux$18782.
    dead port 2/3 on $pmux $procmux$18782.
    dead port 3/3 on $pmux $procmux$18782.
    dead port 1/3 on $pmux $procmux$18788.
    dead port 2/3 on $pmux $procmux$18788.
    dead port 3/3 on $pmux $procmux$18788.
    dead port 1/3 on $pmux $procmux$18791.
    dead port 2/3 on $pmux $procmux$18791.
    dead port 3/3 on $pmux $procmux$18791.
    dead port 1/3 on $pmux $procmux$18824.
    dead port 2/3 on $pmux $procmux$18824.
    dead port 3/3 on $pmux $procmux$18824.
    dead port 1/3 on $pmux $procmux$18827.
    dead port 2/3 on $pmux $procmux$18827.
    dead port 3/3 on $pmux $procmux$18827.
    dead port 1/3 on $pmux $procmux$18833.
    dead port 2/3 on $pmux $procmux$18833.
    dead port 3/3 on $pmux $procmux$18833.
    dead port 1/3 on $pmux $procmux$18836.
    dead port 2/3 on $pmux $procmux$18836.
    dead port 3/3 on $pmux $procmux$18836.
    dead port 1/3 on $pmux $procmux$18839.
    dead port 2/3 on $pmux $procmux$18839.
    dead port 3/3 on $pmux $procmux$18839.
    dead port 1/3 on $pmux $procmux$18842.
    dead port 2/3 on $pmux $procmux$18842.
    dead port 3/3 on $pmux $procmux$18842.
    dead port 1/3 on $pmux $procmux$18848.
    dead port 2/3 on $pmux $procmux$18848.
    dead port 3/3 on $pmux $procmux$18848.
    dead port 1/3 on $pmux $procmux$18851.
    dead port 2/3 on $pmux $procmux$18851.
    dead port 3/3 on $pmux $procmux$18851.
    dead port 1/3 on $pmux $procmux$18854.
    dead port 2/3 on $pmux $procmux$18854.
    dead port 3/3 on $pmux $procmux$18854.
    dead port 1/3 on $pmux $procmux$18857.
    dead port 2/3 on $pmux $procmux$18857.
    dead port 3/3 on $pmux $procmux$18857.
    dead port 1/3 on $pmux $procmux$18863.
    dead port 2/3 on $pmux $procmux$18863.
    dead port 3/3 on $pmux $procmux$18863.
    dead port 1/3 on $pmux $procmux$18866.
    dead port 2/3 on $pmux $procmux$18866.
    dead port 3/3 on $pmux $procmux$18866.
    dead port 1/3 on $pmux $procmux$18869.
    dead port 2/3 on $pmux $procmux$18869.
    dead port 3/3 on $pmux $procmux$18869.
    dead port 1/3 on $pmux $procmux$18872.
    dead port 2/3 on $pmux $procmux$18872.
    dead port 3/3 on $pmux $procmux$18872.
    dead port 1/3 on $pmux $procmux$18878.
    dead port 2/3 on $pmux $procmux$18878.
    dead port 3/3 on $pmux $procmux$18878.
    dead port 1/3 on $pmux $procmux$18881.
    dead port 2/3 on $pmux $procmux$18881.
    dead port 3/3 on $pmux $procmux$18881.
    dead port 1/3 on $pmux $procmux$18884.
    dead port 2/3 on $pmux $procmux$18884.
    dead port 3/3 on $pmux $procmux$18884.
    dead port 1/3 on $pmux $procmux$18887.
    dead port 2/3 on $pmux $procmux$18887.
    dead port 3/3 on $pmux $procmux$18887.
    dead port 1/3 on $pmux $procmux$18893.
    dead port 2/3 on $pmux $procmux$18893.
    dead port 3/3 on $pmux $procmux$18893.
    dead port 1/3 on $pmux $procmux$18896.
    dead port 2/3 on $pmux $procmux$18896.
    dead port 3/3 on $pmux $procmux$18896.
    dead port 1/3 on $pmux $procmux$18902.
    dead port 2/3 on $pmux $procmux$18902.
    dead port 3/3 on $pmux $procmux$18902.
    dead port 1/3 on $pmux $procmux$18905.
    dead port 2/3 on $pmux $procmux$18905.
    dead port 3/3 on $pmux $procmux$18905.
    dead port 1/3 on $pmux $procmux$18908.
    dead port 2/3 on $pmux $procmux$18908.
    dead port 3/3 on $pmux $procmux$18908.
    dead port 1/3 on $pmux $procmux$18911.
    dead port 2/3 on $pmux $procmux$18911.
    dead port 3/3 on $pmux $procmux$18911.
    dead port 1/3 on $pmux $procmux$18933.
    dead port 2/3 on $pmux $procmux$18933.
    dead port 3/3 on $pmux $procmux$18933.
    dead port 1/3 on $pmux $procmux$18939.
    dead port 2/3 on $pmux $procmux$18939.
    dead port 3/3 on $pmux $procmux$18939.
    dead port 1/3 on $pmux $procmux$18948.
    dead port 2/3 on $pmux $procmux$18948.
    dead port 3/3 on $pmux $procmux$18948.
    dead port 1/3 on $pmux $procmux$18951.
    dead port 2/3 on $pmux $procmux$18951.
    dead port 3/3 on $pmux $procmux$18951.
    dead port 1/3 on $pmux $procmux$18954.
    dead port 2/3 on $pmux $procmux$18954.
    dead port 3/3 on $pmux $procmux$18954.
    dead port 1/3 on $pmux $procmux$18957.
    dead port 2/3 on $pmux $procmux$18957.
    dead port 3/3 on $pmux $procmux$18957.
    dead port 1/3 on $pmux $procmux$18963.
    dead port 2/3 on $pmux $procmux$18963.
    dead port 3/3 on $pmux $procmux$18963.
    dead port 1/3 on $pmux $procmux$18966.
    dead port 2/3 on $pmux $procmux$18966.
    dead port 3/3 on $pmux $procmux$18966.
    dead port 1/3 on $pmux $procmux$19037.
    dead port 2/3 on $pmux $procmux$19037.
    dead port 3/3 on $pmux $procmux$19037.
    dead port 1/3 on $pmux $procmux$19040.
    dead port 2/3 on $pmux $procmux$19040.
    dead port 3/3 on $pmux $procmux$19040.
    dead port 1/3 on $pmux $procmux$19046.
    dead port 2/3 on $pmux $procmux$19046.
    dead port 3/3 on $pmux $procmux$19046.
    dead port 1/3 on $pmux $procmux$19049.
    dead port 2/3 on $pmux $procmux$19049.
    dead port 3/3 on $pmux $procmux$19049.
    dead port 1/3 on $pmux $procmux$19052.
    dead port 2/3 on $pmux $procmux$19052.
    dead port 3/3 on $pmux $procmux$19052.
    dead port 1/3 on $pmux $procmux$19055.
    dead port 2/3 on $pmux $procmux$19055.
    dead port 3/3 on $pmux $procmux$19055.
    dead port 1/3 on $pmux $procmux$19061.
    dead port 2/3 on $pmux $procmux$19061.
    dead port 3/3 on $pmux $procmux$19061.
    dead port 1/3 on $pmux $procmux$19064.
    dead port 2/3 on $pmux $procmux$19064.
    dead port 3/3 on $pmux $procmux$19064.
    dead port 1/3 on $pmux $procmux$19067.
    dead port 2/3 on $pmux $procmux$19067.
    dead port 3/3 on $pmux $procmux$19067.
    dead port 1/3 on $pmux $procmux$19070.
    dead port 2/3 on $pmux $procmux$19070.
    dead port 3/3 on $pmux $procmux$19070.
    dead port 1/3 on $pmux $procmux$19076.
    dead port 2/3 on $pmux $procmux$19076.
    dead port 3/3 on $pmux $procmux$19076.
    dead port 1/3 on $pmux $procmux$19079.
    dead port 2/3 on $pmux $procmux$19079.
    dead port 3/3 on $pmux $procmux$19079.
    dead port 1/3 on $pmux $procmux$19082.
    dead port 2/3 on $pmux $procmux$19082.
    dead port 3/3 on $pmux $procmux$19082.
    dead port 1/3 on $pmux $procmux$19085.
    dead port 2/3 on $pmux $procmux$19085.
    dead port 3/3 on $pmux $procmux$19085.
    dead port 1/3 on $pmux $procmux$19091.
    dead port 2/3 on $pmux $procmux$19091.
    dead port 3/3 on $pmux $procmux$19091.
    dead port 1/3 on $pmux $procmux$19094.
    dead port 2/3 on $pmux $procmux$19094.
    dead port 3/3 on $pmux $procmux$19094.
    dead port 1/3 on $pmux $procmux$19127.
    dead port 2/3 on $pmux $procmux$19127.
    dead port 3/3 on $pmux $procmux$19127.
    dead port 1/3 on $pmux $procmux$19130.
    dead port 2/3 on $pmux $procmux$19130.
    dead port 3/3 on $pmux $procmux$19130.
    dead port 1/3 on $pmux $procmux$19136.
    dead port 2/3 on $pmux $procmux$19136.
    dead port 3/3 on $pmux $procmux$19136.
    dead port 1/3 on $pmux $procmux$19139.
    dead port 2/3 on $pmux $procmux$19139.
    dead port 3/3 on $pmux $procmux$19139.
    dead port 1/3 on $pmux $procmux$19142.
    dead port 2/3 on $pmux $procmux$19142.
    dead port 3/3 on $pmux $procmux$19142.
    dead port 1/3 on $pmux $procmux$19145.
    dead port 2/3 on $pmux $procmux$19145.
    dead port 3/3 on $pmux $procmux$19145.
    dead port 1/3 on $pmux $procmux$19151.
    dead port 2/3 on $pmux $procmux$19151.
    dead port 3/3 on $pmux $procmux$19151.
    dead port 1/3 on $pmux $procmux$19154.
    dead port 2/3 on $pmux $procmux$19154.
    dead port 3/3 on $pmux $procmux$19154.
    dead port 1/3 on $pmux $procmux$19157.
    dead port 2/3 on $pmux $procmux$19157.
    dead port 3/3 on $pmux $procmux$19157.
    dead port 1/3 on $pmux $procmux$19160.
    dead port 2/3 on $pmux $procmux$19160.
    dead port 3/3 on $pmux $procmux$19160.
    dead port 1/3 on $pmux $procmux$19166.
    dead port 2/3 on $pmux $procmux$19166.
    dead port 3/3 on $pmux $procmux$19166.
    dead port 1/3 on $pmux $procmux$19169.
    dead port 2/3 on $pmux $procmux$19169.
    dead port 3/3 on $pmux $procmux$19169.
    dead port 1/3 on $pmux $procmux$19172.
    dead port 2/3 on $pmux $procmux$19172.
    dead port 3/3 on $pmux $procmux$19172.
    dead port 1/3 on $pmux $procmux$19175.
    dead port 2/3 on $pmux $procmux$19175.
    dead port 3/3 on $pmux $procmux$19175.
    dead port 1/3 on $pmux $procmux$19181.
    dead port 2/3 on $pmux $procmux$19181.
    dead port 3/3 on $pmux $procmux$19181.
    dead port 1/3 on $pmux $procmux$19184.
    dead port 2/3 on $pmux $procmux$19184.
    dead port 3/3 on $pmux $procmux$19184.
    dead port 1/3 on $pmux $procmux$19187.
    dead port 2/3 on $pmux $procmux$19187.
    dead port 3/3 on $pmux $procmux$19187.
    dead port 1/3 on $pmux $procmux$19190.
    dead port 2/3 on $pmux $procmux$19190.
    dead port 3/3 on $pmux $procmux$19190.
    dead port 1/3 on $pmux $procmux$19196.
    dead port 2/3 on $pmux $procmux$19196.
    dead port 3/3 on $pmux $procmux$19196.
    dead port 1/3 on $pmux $procmux$19199.
    dead port 2/3 on $pmux $procmux$19199.
    dead port 3/3 on $pmux $procmux$19199.
    dead port 1/3 on $pmux $procmux$19205.
    dead port 2/3 on $pmux $procmux$19205.
    dead port 3/3 on $pmux $procmux$19205.
    dead port 1/3 on $pmux $procmux$19208.
    dead port 2/3 on $pmux $procmux$19208.
    dead port 3/3 on $pmux $procmux$19208.
    dead port 1/3 on $pmux $procmux$19211.
    dead port 2/3 on $pmux $procmux$19211.
    dead port 3/3 on $pmux $procmux$19211.
    dead port 1/3 on $pmux $procmux$19214.
    dead port 2/3 on $pmux $procmux$19214.
    dead port 3/3 on $pmux $procmux$19214.
    dead port 1/3 on $pmux $procmux$19236.
    dead port 2/3 on $pmux $procmux$19236.
    dead port 3/3 on $pmux $procmux$19236.
    dead port 1/3 on $pmux $procmux$19242.
    dead port 2/3 on $pmux $procmux$19242.
    dead port 3/3 on $pmux $procmux$19242.
    dead port 1/3 on $pmux $procmux$19251.
    dead port 2/3 on $pmux $procmux$19251.
    dead port 3/3 on $pmux $procmux$19251.
    dead port 1/3 on $pmux $procmux$19254.
    dead port 2/3 on $pmux $procmux$19254.
    dead port 3/3 on $pmux $procmux$19254.
    dead port 1/3 on $pmux $procmux$19257.
    dead port 2/3 on $pmux $procmux$19257.
    dead port 3/3 on $pmux $procmux$19257.
    dead port 1/3 on $pmux $procmux$19260.
    dead port 2/3 on $pmux $procmux$19260.
    dead port 3/3 on $pmux $procmux$19260.
    dead port 1/3 on $pmux $procmux$19266.
    dead port 2/3 on $pmux $procmux$19266.
    dead port 3/3 on $pmux $procmux$19266.
    dead port 1/3 on $pmux $procmux$19269.
    dead port 2/3 on $pmux $procmux$19269.
    dead port 3/3 on $pmux $procmux$19269.
    dead port 1/3 on $pmux $procmux$19340.
    dead port 2/3 on $pmux $procmux$19340.
    dead port 3/3 on $pmux $procmux$19340.
    dead port 1/3 on $pmux $procmux$19343.
    dead port 2/3 on $pmux $procmux$19343.
    dead port 3/3 on $pmux $procmux$19343.
    dead port 1/3 on $pmux $procmux$19349.
    dead port 2/3 on $pmux $procmux$19349.
    dead port 3/3 on $pmux $procmux$19349.
    dead port 1/3 on $pmux $procmux$19352.
    dead port 2/3 on $pmux $procmux$19352.
    dead port 3/3 on $pmux $procmux$19352.
    dead port 1/3 on $pmux $procmux$19355.
    dead port 2/3 on $pmux $procmux$19355.
    dead port 3/3 on $pmux $procmux$19355.
    dead port 1/3 on $pmux $procmux$19358.
    dead port 2/3 on $pmux $procmux$19358.
    dead port 3/3 on $pmux $procmux$19358.
    dead port 1/3 on $pmux $procmux$19364.
    dead port 2/3 on $pmux $procmux$19364.
    dead port 3/3 on $pmux $procmux$19364.
    dead port 1/3 on $pmux $procmux$19367.
    dead port 2/3 on $pmux $procmux$19367.
    dead port 3/3 on $pmux $procmux$19367.
    dead port 1/3 on $pmux $procmux$19370.
    dead port 2/3 on $pmux $procmux$19370.
    dead port 3/3 on $pmux $procmux$19370.
    dead port 1/3 on $pmux $procmux$19373.
    dead port 2/3 on $pmux $procmux$19373.
    dead port 3/3 on $pmux $procmux$19373.
    dead port 1/3 on $pmux $procmux$19379.
    dead port 2/3 on $pmux $procmux$19379.
    dead port 3/3 on $pmux $procmux$19379.
    dead port 1/3 on $pmux $procmux$19382.
    dead port 2/3 on $pmux $procmux$19382.
    dead port 3/3 on $pmux $procmux$19382.
    dead port 1/3 on $pmux $procmux$19385.
    dead port 2/3 on $pmux $procmux$19385.
    dead port 3/3 on $pmux $procmux$19385.
    dead port 1/3 on $pmux $procmux$19388.
    dead port 2/3 on $pmux $procmux$19388.
    dead port 3/3 on $pmux $procmux$19388.
    dead port 1/3 on $pmux $procmux$19394.
    dead port 2/3 on $pmux $procmux$19394.
    dead port 3/3 on $pmux $procmux$19394.
    dead port 1/3 on $pmux $procmux$19397.
    dead port 2/3 on $pmux $procmux$19397.
    dead port 3/3 on $pmux $procmux$19397.
    dead port 1/3 on $pmux $procmux$19430.
    dead port 2/3 on $pmux $procmux$19430.
    dead port 3/3 on $pmux $procmux$19430.
    dead port 1/3 on $pmux $procmux$19433.
    dead port 2/3 on $pmux $procmux$19433.
    dead port 3/3 on $pmux $procmux$19433.
    dead port 1/3 on $pmux $procmux$19439.
    dead port 2/3 on $pmux $procmux$19439.
    dead port 3/3 on $pmux $procmux$19439.
    dead port 1/3 on $pmux $procmux$19442.
    dead port 2/3 on $pmux $procmux$19442.
    dead port 3/3 on $pmux $procmux$19442.
    dead port 1/3 on $pmux $procmux$19445.
    dead port 2/3 on $pmux $procmux$19445.
    dead port 3/3 on $pmux $procmux$19445.
    dead port 1/3 on $pmux $procmux$19448.
    dead port 2/3 on $pmux $procmux$19448.
    dead port 3/3 on $pmux $procmux$19448.
    dead port 1/3 on $pmux $procmux$19454.
    dead port 2/3 on $pmux $procmux$19454.
    dead port 3/3 on $pmux $procmux$19454.
    dead port 1/3 on $pmux $procmux$19457.
    dead port 2/3 on $pmux $procmux$19457.
    dead port 3/3 on $pmux $procmux$19457.
    dead port 1/3 on $pmux $procmux$19460.
    dead port 2/3 on $pmux $procmux$19460.
    dead port 3/3 on $pmux $procmux$19460.
    dead port 1/3 on $pmux $procmux$19463.
    dead port 2/3 on $pmux $procmux$19463.
    dead port 3/3 on $pmux $procmux$19463.
    dead port 1/3 on $pmux $procmux$19469.
    dead port 2/3 on $pmux $procmux$19469.
    dead port 3/3 on $pmux $procmux$19469.
    dead port 1/3 on $pmux $procmux$19472.
    dead port 2/3 on $pmux $procmux$19472.
    dead port 3/3 on $pmux $procmux$19472.
    dead port 1/3 on $pmux $procmux$19475.
    dead port 2/3 on $pmux $procmux$19475.
    dead port 3/3 on $pmux $procmux$19475.
    dead port 1/3 on $pmux $procmux$19478.
    dead port 2/3 on $pmux $procmux$19478.
    dead port 3/3 on $pmux $procmux$19478.
    dead port 1/3 on $pmux $procmux$19484.
    dead port 2/3 on $pmux $procmux$19484.
    dead port 3/3 on $pmux $procmux$19484.
    dead port 1/3 on $pmux $procmux$19487.
    dead port 2/3 on $pmux $procmux$19487.
    dead port 3/3 on $pmux $procmux$19487.
    dead port 1/3 on $pmux $procmux$19490.
    dead port 2/3 on $pmux $procmux$19490.
    dead port 3/3 on $pmux $procmux$19490.
    dead port 1/3 on $pmux $procmux$19493.
    dead port 2/3 on $pmux $procmux$19493.
    dead port 3/3 on $pmux $procmux$19493.
    dead port 1/3 on $pmux $procmux$19499.
    dead port 2/3 on $pmux $procmux$19499.
    dead port 3/3 on $pmux $procmux$19499.
    dead port 1/3 on $pmux $procmux$19502.
    dead port 2/3 on $pmux $procmux$19502.
    dead port 3/3 on $pmux $procmux$19502.
    dead port 1/2 on $mux $procmux$19776.
    dead port 2/2 on $mux $procmux$19776.
    dead port 1/2 on $mux $procmux$19797.
    dead port 2/2 on $mux $procmux$19797.
    dead port 1/18 on $pmux $procmux$19802.
    dead port 2/18 on $pmux $procmux$19802.
    dead port 3/18 on $pmux $procmux$19802.
    dead port 4/18 on $pmux $procmux$19802.
    dead port 5/18 on $pmux $procmux$19802.
    dead port 6/18 on $pmux $procmux$19802.
    dead port 7/18 on $pmux $procmux$19802.
    dead port 8/18 on $pmux $procmux$19802.
    dead port 9/18 on $pmux $procmux$19802.
    dead port 10/18 on $pmux $procmux$19802.
    dead port 11/18 on $pmux $procmux$19802.
    dead port 12/18 on $pmux $procmux$19802.
    dead port 13/18 on $pmux $procmux$19802.
    dead port 14/18 on $pmux $procmux$19802.
    dead port 15/18 on $pmux $procmux$19802.
    dead port 16/18 on $pmux $procmux$19802.
    dead port 17/18 on $pmux $procmux$19802.
    dead port 18/18 on $pmux $procmux$19802.
    dead port 1/2 on $mux $procmux$19841.
    dead port 2/2 on $mux $procmux$19841.
    dead port 1/2 on $mux $procmux$20552.
    dead port 2/2 on $mux $procmux$20552.
    dead port 1/2 on $mux $procmux$20556.
    dead port 2/2 on $mux $procmux$20556.
    dead port 1/4 on $pmux $procmux$20677.
    dead port 2/4 on $pmux $procmux$20677.
    dead port 3/4 on $pmux $procmux$20677.
    dead port 4/4 on $pmux $procmux$20677.
    dead port 1/3 on $pmux $procmux$20682.
    dead port 2/3 on $pmux $procmux$20682.
    dead port 3/3 on $pmux $procmux$20682.
    dead port 1/5 on $pmux $procmux$20697.
    dead port 2/5 on $pmux $procmux$20697.
    dead port 3/5 on $pmux $procmux$20697.
    dead port 4/5 on $pmux $procmux$20697.
    dead port 5/5 on $pmux $procmux$20697.
    dead port 1/2 on $mux $procmux$20705.
    dead port 2/2 on $mux $procmux$20705.
    dead port 1/5 on $pmux $procmux$22349.
    dead port 2/5 on $pmux $procmux$22349.
    dead port 3/5 on $pmux $procmux$22349.
    dead port 4/5 on $pmux $procmux$22349.
    dead port 5/5 on $pmux $procmux$22349.
    dead port 1/5 on $pmux $procmux$22354.
    dead port 2/5 on $pmux $procmux$22354.
    dead port 3/5 on $pmux $procmux$22354.
    dead port 4/5 on $pmux $procmux$22354.
    dead port 5/5 on $pmux $procmux$22354.
    dead port 1/2 on $mux $procmux$22364.
    dead port 2/2 on $mux $procmux$22364.
    dead port 1/5 on $pmux $procmux$22370.
    dead port 2/5 on $pmux $procmux$22370.
    dead port 3/5 on $pmux $procmux$22370.
    dead port 4/5 on $pmux $procmux$22370.
    dead port 5/5 on $pmux $procmux$22370.
    dead port 1/4 on $pmux $procmux$22380.
    dead port 2/4 on $pmux $procmux$22380.
    dead port 3/4 on $pmux $procmux$22380.
    dead port 4/4 on $pmux $procmux$22380.
    dead port 1/5 on $pmux $procmux$22388.
    dead port 2/5 on $pmux $procmux$22388.
    dead port 3/5 on $pmux $procmux$22388.
    dead port 4/5 on $pmux $procmux$22388.
    dead port 5/5 on $pmux $procmux$22388.
    dead port 1/2 on $mux $procmux$22403.
    dead port 2/2 on $mux $procmux$22403.
    dead port 1/5 on $pmux $procmux$22410.
    dead port 2/5 on $pmux $procmux$22410.
    dead port 3/5 on $pmux $procmux$22410.
    dead port 4/5 on $pmux $procmux$22410.
    dead port 5/5 on $pmux $procmux$22410.
    dead port 1/3 on $pmux $procmux$3604.
    dead port 2/3 on $pmux $procmux$3604.
    dead port 3/3 on $pmux $procmux$3604.
    dead port 1/3 on $pmux $procmux$3609.
    dead port 2/3 on $pmux $procmux$3609.
    dead port 3/3 on $pmux $procmux$3609.
    dead port 1/2 on $mux $procmux$3627.
    dead port 2/2 on $mux $procmux$3627.
    dead port 1/2 on $mux $procmux$3639.
    dead port 2/2 on $mux $procmux$3639.
    dead port 1/2 on $mux $procmux$3645.
    dead port 2/2 on $mux $procmux$3645.
    dead port 1/2 on $mux $procmux$3649.
    dead port 2/2 on $mux $procmux$3649.
    dead port 1/2 on $mux $procmux$3668.
    dead port 2/2 on $mux $procmux$3668.
    dead port 1/2 on $mux $procmux$3671.
    dead port 2/2 on $mux $procmux$3671.
    dead port 1/2 on $mux $procmux$3674.
    dead port 2/2 on $mux $procmux$3674.
    dead port 1/2 on $mux $procmux$3677.
    dead port 2/2 on $mux $procmux$3677.
    dead port 1/2 on $mux $procmux$3680.
    dead port 2/2 on $mux $procmux$3680.
    dead port 1/2 on $mux $procmux$3683.
    dead port 2/2 on $mux $procmux$3683.
    dead port 1/2 on $mux $procmux$3686.
    dead port 2/2 on $mux $procmux$3686.
    dead port 1/2 on $mux $procmux$3691.
    dead port 2/2 on $mux $procmux$3691.
    dead port 1/2 on $mux $procmux$3694.
    dead port 2/2 on $mux $procmux$3694.
    dead port 1/2 on $mux $procmux$3697.
    dead port 2/2 on $mux $procmux$3697.
    dead port 1/2 on $mux $procmux$3700.
    dead port 2/2 on $mux $procmux$3700.
    dead port 1/2 on $mux $procmux$3703.
    dead port 2/2 on $mux $procmux$3703.
    dead port 1/2 on $mux $procmux$3706.
    dead port 2/2 on $mux $procmux$3706.
    dead port 1/2 on $mux $procmux$3709.
    dead port 2/2 on $mux $procmux$3709.
    dead port 1/2 on $mux $procmux$3714.
    dead port 2/2 on $mux $procmux$3714.
    dead port 1/2 on $mux $procmux$3717.
    dead port 2/2 on $mux $procmux$3717.
    dead port 1/2 on $mux $procmux$3720.
    dead port 2/2 on $mux $procmux$3720.
    dead port 1/2 on $mux $procmux$3723.
    dead port 2/2 on $mux $procmux$3723.
    dead port 1/2 on $mux $procmux$3726.
    dead port 2/2 on $mux $procmux$3726.
    dead port 1/2 on $mux $procmux$3729.
    dead port 2/2 on $mux $procmux$3729.
    dead port 1/2 on $mux $procmux$3732.
    dead port 2/2 on $mux $procmux$3732.
    dead port 1/2 on $mux $procmux$3734.
    dead port 2/2 on $mux $procmux$3734.
    dead port 1/2 on $mux $procmux$3737.
    dead port 2/2 on $mux $procmux$3737.
    dead port 1/2 on $mux $procmux$3740.
    dead port 2/2 on $mux $procmux$3740.
    dead port 1/2 on $mux $procmux$3743.
    dead port 2/2 on $mux $procmux$3743.
    dead port 1/2 on $mux $procmux$3746.
    dead port 2/2 on $mux $procmux$3746.
    dead port 1/2 on $mux $procmux$3749.
    dead port 2/2 on $mux $procmux$3749.
    dead port 1/2 on $mux $procmux$3752.
    dead port 2/2 on $mux $procmux$3752.
    dead port 1/2 on $mux $procmux$3755.
    dead port 2/2 on $mux $procmux$3755.
    dead port 1/2 on $mux $procmux$3758.
    dead port 2/2 on $mux $procmux$3758.
    dead port 1/2 on $mux $procmux$3761.
    dead port 2/2 on $mux $procmux$3761.
    dead port 1/2 on $mux $procmux$3764.
    dead port 2/2 on $mux $procmux$3764.
    dead port 1/2 on $mux $procmux$3767.
    dead port 2/2 on $mux $procmux$3767.
    dead port 1/2 on $mux $procmux$3770.
    dead port 2/2 on $mux $procmux$3770.
    dead port 1/2 on $mux $procmux$3773.
    dead port 2/2 on $mux $procmux$3773.
    dead port 1/2 on $mux $procmux$3776.
    dead port 2/2 on $mux $procmux$3776.
    dead port 1/2 on $mux $procmux$3779.
    dead port 2/2 on $mux $procmux$3779.
    dead port 1/2 on $mux $procmux$3782.
    dead port 2/2 on $mux $procmux$3782.
    dead port 1/3 on $pmux $procmux$8847.
    dead port 2/3 on $pmux $procmux$8847.
    dead port 3/3 on $pmux $procmux$8847.
    dead port 1/3 on $pmux $procmux$8889.
    dead port 2/3 on $pmux $procmux$8889.
    dead port 3/3 on $pmux $procmux$8889.
    dead port 1/3 on $pmux $procmux$8897.
    dead port 2/3 on $pmux $procmux$8897.
    dead port 3/3 on $pmux $procmux$8897.
Removed 1411 multiplexer ports.
<suppressed ~9366 debug messages>

6.4. Executing OPT_REDUCE pass (consolidate $*mux and $reduce_* inputs).
  Optimizing cells in module \top_wrapper.
    Consolidated identical input bits for $demux cell $21603:
      Old ports: A=74'11111111111111111111111111111111111111111111111111111111111111111111111111, Y=$21603y
      New ports: A=1'1, Y={ $21603y [222] $21603y [148] $21603y [74] $21603y [0] }
      New connections: { $21603y [295] $21603y [221] $21603y [147] $21603y [73] $21603y [294] $21603y [220] $21603y [146] $21603y [72] $21603y [293] $21603y [219] $21603y [145] $21603y [71] $21603y [292] $21603y [218] $21603y [144] $21603y [70] $21603y [291] $21603y [217] $21603y [143] $21603y [69] $21603y [290] $21603y [216] $21603y [142] $21603y [68] $21603y [289] $21603y [215] $21603y [141] $21603y [67] $21603y [288] $21603y [214] $21603y [140] $21603y [66] $21603y [287] $21603y [213] $21603y [139] $21603y [65] $21603y [286] $21603y [212] $21603y [138] $21603y [64] $21603y [285] $21603y [211] $21603y [137] $21603y [63] $21603y [284] $21603y [210] $21603y [136] $21603y [62] $21603y [283] $21603y [209] $21603y [135] $21603y [61] $21603y [282] $21603y [208] $21603y [134] $21603y [60] $21603y [281] $21603y [207] $21603y [133] $21603y [59] $21603y [280] $21603y [206] $21603y [132] $21603y [58] $21603y [279] $21603y [205] $21603y [131] $21603y [57] $21603y [278] $21603y [204] $21603y [130] $21603y [56] $21603y [277] $21603y [203] $21603y [129] $21603y [55] $21603y [276] $21603y [202] $21603y [128] $21603y [54] $21603y [275] $21603y [201] $21603y [127] $21603y [53] $21603y [274] $21603y [200] $21603y [126] $21603y [52] $21603y [273] $21603y [199] $21603y [125] $21603y [51] $21603y [272] $21603y [198] $21603y [124] $21603y [50] $21603y [271] $21603y [197] $21603y [123] $21603y [49] $21603y [270] $21603y [196] $21603y [122] $21603y [48] $21603y [269] $21603y [195] $21603y [121] $21603y [47] $21603y [268] $21603y [194] $21603y [120] $21603y [46] $21603y [267] $21603y [193] $21603y [119] $21603y [45] $21603y [266] $21603y [192] $21603y [118] $21603y [44] $21603y [265] $21603y [191] $21603y [117] $21603y [43] $21603y [264] $21603y [190] $21603y [116] $21603y [42] $21603y [263] $21603y [189] $21603y [115] $21603y [41] $21603y [262] $21603y [188] $21603y [114] $21603y [40] $21603y [261] $21603y [187] $21603y [113] $21603y [39] $21603y [260] $21603y [186] $21603y [112] $21603y [38] $21603y [259] $21603y [185] $21603y [111] $21603y [37] $21603y [258] $21603y [184] $21603y [110] $21603y [36] $21603y [257] $21603y [183] $21603y [109] $21603y [35] $21603y [256] $21603y [182] $21603y [108] $21603y [34] $21603y [255] $21603y [181] $21603y [107] $21603y [33] $21603y [254] $21603y [180] $21603y [106] $21603y [32] $21603y [253] $21603y [179] $21603y [105] $21603y [31] $21603y [252] $21603y [178] $21603y [104] $21603y [30] $21603y [251] $21603y [177] $21603y [103] $21603y [29] $21603y [250] $21603y [176] $21603y [102] $21603y [28] $21603y [249] $21603y [175] $21603y [101] $21603y [27] $21603y [248] $21603y [174] $21603y [100] $21603y [26] $21603y [247] $21603y [173] $21603y [99] $21603y [25] $21603y [246] $21603y [172] $21603y [98] $21603y [24] $21603y [245] $21603y [171] $21603y [97] $21603y [23] $21603y [244] $21603y [170] $21603y [96] $21603y [22] $21603y [243] $21603y [169] $21603y [95] $21603y [21] $21603y [242] $21603y [168] $21603y [94] $21603y [20] $21603y [241] $21603y [167] $21603y [93] $21603y [19] $21603y [240] $21603y [166] $21603y [92] $21603y [18] $21603y [239] $21603y [165] $21603y [91] $21603y [17] $21603y [238] $21603y [164] $21603y [90] $21603y [16] $21603y [237] $21603y [163] $21603y [89] $21603y [15] $21603y [236] $21603y [162] $21603y [88] $21603y [14] $21603y [235] $21603y [161] $21603y [87] $21603y [13] $21603y [234] $21603y [160] $21603y [86] $21603y [12] $21603y [233] $21603y [159] $21603y [85] $21603y [11] $21603y [232] $21603y [158] $21603y [84] $21603y [10] $21603y [231] $21603y [157] $21603y [83] $21603y [9] $21603y [230] $21603y [156] $21603y [82] $21603y [8] $21603y [229] $21603y [155] $21603y [81] $21603y [7] $21603y [228] $21603y [154] $21603y [80] $21603y [6] $21603y [227] $21603y [153] $21603y [79] $21603y [5] $21603y [226] $21603y [152] $21603y [78] $21603y [4] $21603y [225] $21603y [151] $21603y [77] $21603y [3] $21603y [224] $21603y [150] $21603y [76] $21603y [2] $21603y [223] $21603y [149] $21603y [75] $21603y [1] } = { $21603y [222] $21603y [148] $21603y [74] $21603y [0] $21603y [222] $21603y [148] $21603y [74] $21603y [0] $21603y [222] $21603y [148] $21603y [74] $21603y [0] $21603y [222] $21603y [148] $21603y [74] $21603y [0] $21603y [222] $21603y [148] $21603y [74] $21603y [0] $21603y [222] $21603y [148] $21603y [74] $21603y [0] $21603y [222] $21603y [148] $21603y [74] $21603y [0] $21603y [222] $21603y [148] $21603y [74] $21603y [0] $21603y [222] $21603y [148] $21603y [74] $21603y [0] $21603y [222] $21603y [148] $21603y [74] $21603y [0] $21603y [222] $21603y [148] $21603y [74] $21603y [0] $21603y [222] $21603y [148] $21603y [74] $21603y [0] $21603y [222] $21603y [148] $21603y [74] $21603y [0] $21603y [222] $21603y [148] $21603y [74] $21603y [0] $21603y [222] $21603y [148] $21603y [74] $21603y [0] $21603y [222] $21603y [148] $21603y [74] $21603y [0] $21603y [222] $21603y [148] $21603y [74] $21603y [0] $21603y [222] $21603y [148] $21603y [74] $21603y [0] $21603y [222] $21603y [148] $21603y [74] $21603y [0] $21603y [222] $21603y [148] $21603y [74] $21603y [0] $21603y [222] $21603y [148] $21603y [74] $21603y [0] $21603y [222] $21603y [148] $21603y [74] $21603y [0] $21603y [222] $21603y [148] $21603y [74] $21603y [0] $21603y [222] $21603y [148] $21603y [74] $21603y [0] $21603y [222] $21603y [148] $21603y [74] $21603y [0] $21603y [222] $21603y [148] $21603y [74] $21603y [0] $21603y [222] $21603y [148] $21603y [74] $21603y [0] $21603y [222] $21603y [148] $21603y [74] $21603y [0] $21603y [222] $21603y [148] $21603y [74] $21603y [0] $21603y [222] $21603y [148] $21603y [74] $21603y [0] $21603y [222] $21603y [148] $21603y [74] $21603y [0] $21603y [222] $21603y [148] $21603y [74] $21603y [0] $21603y [222] $21603y [148] $21603y [74] $21603y [0] $21603y [222] $21603y [148] $21603y [74] $21603y [0] $21603y [222] $21603y [148] $21603y [74] $21603y [0] $21603y [222] $21603y [148] $21603y [74] $21603y [0] $21603y [222] $21603y [148] $21603y [74] $21603y [0] $21603y [222] $21603y [148] $21603y [74] $21603y [0] $21603y [222] $21603y [148] $21603y [74] $21603y [0] $21603y [222] $21603y [148] $21603y [74] $21603y [0] $21603y [222] $21603y [148] $21603y [74] $21603y [0] $21603y [222] $21603y [148] $21603y [74] $21603y [0] $21603y [222] $21603y [148] $21603y [74] $21603y [0] $21603y [222] $21603y [148] $21603y [74] $21603y [0] $21603y [222] $21603y [148] $21603y [74] $21603y [0] $21603y [222] $21603y [148] $21603y [74] $21603y [0] $21603y [222] $21603y [148] $21603y [74] $21603y [0] $21603y [222] $21603y [148] $21603y [74] $21603y [0] $21603y [222] $21603y [148] $21603y [74] $21603y [0] $21603y [222] $21603y [148] $21603y [74] $21603y [0] $21603y [222] $21603y [148] $21603y [74] $21603y [0] $21603y [222] $21603y [148] $21603y [74] $21603y [0] $21603y [222] $21603y [148] $21603y [74] $21603y [0] $21603y [222] $21603y [148] $21603y [74] $21603y [0] $21603y [222] $21603y [148] $21603y [74] $21603y [0] $21603y [222] $21603y [148] $21603y [74] $21603y [0] $21603y [222] $21603y [148] $21603y [74] $21603y [0] $21603y [222] $21603y [148] $21603y [74] $21603y [0] $21603y [222] $21603y [148] $21603y [74] $21603y [0] $21603y [222] $21603y [148] $21603y [74] $21603y [0] $21603y [222] $21603y [148] $21603y [74] $21603y [0] $21603y [222] $21603y [148] $21603y [74] $21603y [0] $21603y [222] $21603y [148] $21603y [74] $21603y [0] $21603y [222] $21603y [148] $21603y [74] $21603y [0] $21603y [222] $21603y [148] $21603y [74] $21603y [0] $21603y [222] $21603y [148] $21603y [74] $21603y [0] $21603y [222] $21603y [148] $21603y [74] $21603y [0] $21603y [222] $21603y [148] $21603y [74] $21603y [0] $21603y [222] $21603y [148] $21603y [74] $21603y [0] $21603y [222] $21603y [148] $21603y [74] $21603y [0] $21603y [222] $21603y [148] $21603y [74] $21603y [0] $21603y [222] $21603y [148] $21603y [74] $21603y [0] $21603y [222] $21603y [148] $21603y [74] $21603y [0] }
    Consolidated identical input bits for $demux cell $21727:
      Old ports: A=74'11111111111111111111111111111111111111111111111111111111111111111111111111, Y=$21727y
      New ports: A=1'1, Y={ $21727y [222] $21727y [148] $21727y [74] $21727y [0] }
      New connections: { $21727y [295] $21727y [221] $21727y [147] $21727y [73] $21727y [294] $21727y [220] $21727y [146] $21727y [72] $21727y [293] $21727y [219] $21727y [145] $21727y [71] $21727y [292] $21727y [218] $21727y [144] $21727y [70] $21727y [291] $21727y [217] $21727y [143] $21727y [69] $21727y [290] $21727y [216] $21727y [142] $21727y [68] $21727y [289] $21727y [215] $21727y [141] $21727y [67] $21727y [288] $21727y [214] $21727y [140] $21727y [66] $21727y [287] $21727y [213] $21727y [139] $21727y [65] $21727y [286] $21727y [212] $21727y [138] $21727y [64] $21727y [285] $21727y [211] $21727y [137] $21727y [63] $21727y [284] $21727y [210] $21727y [136] $21727y [62] $21727y [283] $21727y [209] $21727y [135] $21727y [61] $21727y [282] $21727y [208] $21727y [134] $21727y [60] $21727y [281] $21727y [207] $21727y [133] $21727y [59] $21727y [280] $21727y [206] $21727y [132] $21727y [58] $21727y [279] $21727y [205] $21727y [131] $21727y [57] $21727y [278] $21727y [204] $21727y [130] $21727y [56] $21727y [277] $21727y [203] $21727y [129] $21727y [55] $21727y [276] $21727y [202] $21727y [128] $21727y [54] $21727y [275] $21727y [201] $21727y [127] $21727y [53] $21727y [274] $21727y [200] $21727y [126] $21727y [52] $21727y [273] $21727y [199] $21727y [125] $21727y [51] $21727y [272] $21727y [198] $21727y [124] $21727y [50] $21727y [271] $21727y [197] $21727y [123] $21727y [49] $21727y [270] $21727y [196] $21727y [122] $21727y [48] $21727y [269] $21727y [195] $21727y [121] $21727y [47] $21727y [268] $21727y [194] $21727y [120] $21727y [46] $21727y [267] $21727y [193] $21727y [119] $21727y [45] $21727y [266] $21727y [192] $21727y [118] $21727y [44] $21727y [265] $21727y [191] $21727y [117] $21727y [43] $21727y [264] $21727y [190] $21727y [116] $21727y [42] $21727y [263] $21727y [189] $21727y [115] $21727y [41] $21727y [262] $21727y [188] $21727y [114] $21727y [40] $21727y [261] $21727y [187] $21727y [113] $21727y [39] $21727y [260] $21727y [186] $21727y [112] $21727y [38] $21727y [259] $21727y [185] $21727y [111] $21727y [37] $21727y [258] $21727y [184] $21727y [110] $21727y [36] $21727y [257] $21727y [183] $21727y [109] $21727y [35] $21727y [256] $21727y [182] $21727y [108] $21727y [34] $21727y [255] $21727y [181] $21727y [107] $21727y [33] $21727y [254] $21727y [180] $21727y [106] $21727y [32] $21727y [253] $21727y [179] $21727y [105] $21727y [31] $21727y [252] $21727y [178] $21727y [104] $21727y [30] $21727y [251] $21727y [177] $21727y [103] $21727y [29] $21727y [250] $21727y [176] $21727y [102] $21727y [28] $21727y [249] $21727y [175] $21727y [101] $21727y [27] $21727y [248] $21727y [174] $21727y [100] $21727y [26] $21727y [247] $21727y [173] $21727y [99] $21727y [25] $21727y [246] $21727y [172] $21727y [98] $21727y [24] $21727y [245] $21727y [171] $21727y [97] $21727y [23] $21727y [244] $21727y [170] $21727y [96] $21727y [22] $21727y [243] $21727y [169] $21727y [95] $21727y [21] $21727y [242] $21727y [168] $21727y [94] $21727y [20] $21727y [241] $21727y [167] $21727y [93] $21727y [19] $21727y [240] $21727y [166] $21727y [92] $21727y [18] $21727y [239] $21727y [165] $21727y [91] $21727y [17] $21727y [238] $21727y [164] $21727y [90] $21727y [16] $21727y [237] $21727y [163] $21727y [89] $21727y [15] $21727y [236] $21727y [162] $21727y [88] $21727y [14] $21727y [235] $21727y [161] $21727y [87] $21727y [13] $21727y [234] $21727y [160] $21727y [86] $21727y [12] $21727y [233] $21727y [159] $21727y [85] $21727y [11] $21727y [232] $21727y [158] $21727y [84] $21727y [10] $21727y [231] $21727y [157] $21727y [83] $21727y [9] $21727y [230] $21727y [156] $21727y [82] $21727y [8] $21727y [229] $21727y [155] $21727y [81] $21727y [7] $21727y [228] $21727y [154] $21727y [80] $21727y [6] $21727y [227] $21727y [153] $21727y [79] $21727y [5] $21727y [226] $21727y [152] $21727y [78] $21727y [4] $21727y [225] $21727y [151] $21727y [77] $21727y [3] $21727y [224] $21727y [150] $21727y [76] $21727y [2] $21727y [223] $21727y [149] $21727y [75] $21727y [1] } = { $21727y [222] $21727y [148] $21727y [74] $21727y [0] $21727y [222] $21727y [148] $21727y [74] $21727y [0] $21727y [222] $21727y [148] $21727y [74] $21727y [0] $21727y [222] $21727y [148] $21727y [74] $21727y [0] $21727y [222] $21727y [148] $21727y [74] $21727y [0] $21727y [222] $21727y [148] $21727y [74] $21727y [0] $21727y [222] $21727y [148] $21727y [74] $21727y [0] $21727y [222] $21727y [148] $21727y [74] $21727y [0] $21727y [222] $21727y [148] $21727y [74] $21727y [0] $21727y [222] $21727y [148] $21727y [74] $21727y [0] $21727y [222] $21727y [148] $21727y [74] $21727y [0] $21727y [222] $21727y [148] $21727y [74] $21727y [0] $21727y [222] $21727y [148] $21727y [74] $21727y [0] $21727y [222] $21727y [148] $21727y [74] $21727y [0] $21727y [222] $21727y [148] $21727y [74] $21727y [0] $21727y [222] $21727y [148] $21727y [74] $21727y [0] $21727y [222] $21727y [148] $21727y [74] $21727y [0] $21727y [222] $21727y [148] $21727y [74] $21727y [0] $21727y [222] $21727y [148] $21727y [74] $21727y [0] $21727y [222] $21727y [148] $21727y [74] $21727y [0] $21727y [222] $21727y [148] $21727y [74] $21727y [0] $21727y [222] $21727y [148] $21727y [74] $21727y [0] $21727y [222] $21727y [148] $21727y [74] $21727y [0] $21727y [222] $21727y [148] $21727y [74] $21727y [0] $21727y [222] $21727y [148] $21727y [74] $21727y [0] $21727y [222] $21727y [148] $21727y [74] $21727y [0] $21727y [222] $21727y [148] $21727y [74] $21727y [0] $21727y [222] $21727y [148] $21727y [74] $21727y [0] $21727y [222] $21727y [148] $21727y [74] $21727y [0] $21727y [222] $21727y [148] $21727y [74] $21727y [0] $21727y [222] $21727y [148] $21727y [74] $21727y [0] $21727y [222] $21727y [148] $21727y [74] $21727y [0] $21727y [222] $21727y [148] $21727y [74] $21727y [0] $21727y [222] $21727y [148] $21727y [74] $21727y [0] $21727y [222] $21727y [148] $21727y [74] $21727y [0] $21727y [222] $21727y [148] $21727y [74] $21727y [0] $21727y [222] $21727y [148] $21727y [74] $21727y [0] $21727y [222] $21727y [148] $21727y [74] $21727y [0] $21727y [222] $21727y [148] $21727y [74] $21727y [0] $21727y [222] $21727y [148] $21727y [74] $21727y [0] $21727y [222] $21727y [148] $21727y [74] $21727y [0] $21727y [222] $21727y [148] $21727y [74] $21727y [0] $21727y [222] $21727y [148] $21727y [74] $21727y [0] $21727y [222] $21727y [148] $21727y [74] $21727y [0] $21727y [222] $21727y [148] $21727y [74] $21727y [0] $21727y [222] $21727y [148] $21727y [74] $21727y [0] $21727y [222] $21727y [148] $21727y [74] $21727y [0] $21727y [222] $21727y [148] $21727y [74] $21727y [0] $21727y [222] $21727y [148] $21727y [74] $21727y [0] $21727y [222] $21727y [148] $21727y [74] $21727y [0] $21727y [222] $21727y [148] $21727y [74] $21727y [0] $21727y [222] $21727y [148] $21727y [74] $21727y [0] $21727y [222] $21727y [148] $21727y [74] $21727y [0] $21727y [222] $21727y [148] $21727y [74] $21727y [0] $21727y [222] $21727y [148] $21727y [74] $21727y [0] $21727y [222] $21727y [148] $21727y [74] $21727y [0] $21727y [222] $21727y [148] $21727y [74] $21727y [0] $21727y [222] $21727y [148] $21727y [74] $21727y [0] $21727y [222] $21727y [148] $21727y [74] $21727y [0] $21727y [222] $21727y [148] $21727y [74] $21727y [0] $21727y [222] $21727y [148] $21727y [74] $21727y [0] $21727y [222] $21727y [148] $21727y [74] $21727y [0] $21727y [222] $21727y [148] $21727y [74] $21727y [0] $21727y [222] $21727y [148] $21727y [74] $21727y [0] $21727y [222] $21727y [148] $21727y [74] $21727y [0] $21727y [222] $21727y [148] $21727y [74] $21727y [0] $21727y [222] $21727y [148] $21727y [74] $21727y [0] $21727y [222] $21727y [148] $21727y [74] $21727y [0] $21727y [222] $21727y [148] $21727y [74] $21727y [0] $21727y [222] $21727y [148] $21727y [74] $21727y [0] $21727y [222] $21727y [148] $21727y [74] $21727y [0] $21727y [222] $21727y [148] $21727y [74] $21727y [0] $21727y [222] $21727y [148] $21727y [74] $21727y [0] }
    Consolidated identical input bits for $demux cell $21851:
      Old ports: A=79'1111111111111111111111111111111111111111111111111111111111111111111111111111111, Y=$21851y
      New ports: A=1'1, Y={ $21851y [237] $21851y [158] $21851y [79] $21851y [0] }
      New connections: { $21851y [315] $21851y [236] $21851y [157] $21851y [78] $21851y [314] $21851y [235] $21851y [156] $21851y [77] $21851y [313] $21851y [234] $21851y [155] $21851y [76] $21851y [312] $21851y [233] $21851y [154] $21851y [75] $21851y [311] $21851y [232] $21851y [153] $21851y [74] $21851y [310] $21851y [231] $21851y [152] $21851y [73] $21851y [309] $21851y [230] $21851y [151] $21851y [72] $21851y [308] $21851y [229] $21851y [150] $21851y [71] $21851y [307] $21851y [228] $21851y [149] $21851y [70] $21851y [306] $21851y [227] $21851y [148] $21851y [69] $21851y [305] $21851y [226] $21851y [147] $21851y [68] $21851y [304] $21851y [225] $21851y [146] $21851y [67] $21851y [303] $21851y [224] $21851y [145] $21851y [66] $21851y [302] $21851y [223] $21851y [144] $21851y [65] $21851y [301] $21851y [222] $21851y [143] $21851y [64] $21851y [300] $21851y [221] $21851y [142] $21851y [63] $21851y [299] $21851y [220] $21851y [141] $21851y [62] $21851y [298] $21851y [219] $21851y [140] $21851y [61] $21851y [297] $21851y [218] $21851y [139] $21851y [60] $21851y [296] $21851y [217] $21851y [138] $21851y [59] $21851y [295] $21851y [216] $21851y [137] $21851y [58] $21851y [294] $21851y [215] $21851y [136] $21851y [57] $21851y [293] $21851y [214] $21851y [135] $21851y [56] $21851y [292] $21851y [213] $21851y [134] $21851y [55] $21851y [291] $21851y [212] $21851y [133] $21851y [54] $21851y [290] $21851y [211] $21851y [132] $21851y [53] $21851y [289] $21851y [210] $21851y [131] $21851y [52] $21851y [288] $21851y [209] $21851y [130] $21851y [51] $21851y [287] $21851y [208] $21851y [129] $21851y [50] $21851y [286] $21851y [207] $21851y [128] $21851y [49] $21851y [285] $21851y [206] $21851y [127] $21851y [48] $21851y [284] $21851y [205] $21851y [126] $21851y [47] $21851y [283] $21851y [204] $21851y [125] $21851y [46] $21851y [282] $21851y [203] $21851y [124] $21851y [45] $21851y [281] $21851y [202] $21851y [123] $21851y [44] $21851y [280] $21851y [201] $21851y [122] $21851y [43] $21851y [279] $21851y [200] $21851y [121] $21851y [42] $21851y [278] $21851y [199] $21851y [120] $21851y [41] $21851y [277] $21851y [198] $21851y [119] $21851y [40] $21851y [276] $21851y [197] $21851y [118] $21851y [39] $21851y [275] $21851y [196] $21851y [117] $21851y [38] $21851y [274] $21851y [195] $21851y [116] $21851y [37] $21851y [273] $21851y [194] $21851y [115] $21851y [36] $21851y [272] $21851y [193] $21851y [114] $21851y [35] $21851y [271] $21851y [192] $21851y [113] $21851y [34] $21851y [270] $21851y [191] $21851y [112] $21851y [33] $21851y [269] $21851y [190] $21851y [111] $21851y [32] $21851y [268] $21851y [189] $21851y [110] $21851y [31] $21851y [267] $21851y [188] $21851y [109] $21851y [30] $21851y [266] $21851y [187] $21851y [108] $21851y [29] $21851y [265] $21851y [186] $21851y [107] $21851y [28] $21851y [264] $21851y [185] $21851y [106] $21851y [27] $21851y [263] $21851y [184] $21851y [105] $21851y [26] $21851y [262] $21851y [183] $21851y [104] $21851y [25] $21851y [261] $21851y [182] $21851y [103] $21851y [24] $21851y [260] $21851y [181] $21851y [102] $21851y [23] $21851y [259] $21851y [180] $21851y [101] $21851y [22] $21851y [258] $21851y [179] $21851y [100] $21851y [21] $21851y [257] $21851y [178] $21851y [99] $21851y [20] $21851y [256] $21851y [177] $21851y [98] $21851y [19] $21851y [255] $21851y [176] $21851y [97] $21851y [18] $21851y [254] $21851y [175] $21851y [96] $21851y [17] $21851y [253] $21851y [174] $21851y [95] $21851y [16] $21851y [252] $21851y [173] $21851y [94] $21851y [15] $21851y [251] $21851y [172] $21851y [93] $21851y [14] $21851y [250] $21851y [171] $21851y [92] $21851y [13] $21851y [249] $21851y [170] $21851y [91] $21851y [12] $21851y [248] $21851y [169] $21851y [90] $21851y [11] $21851y [247] $21851y [168] $21851y [89] $21851y [10] $21851y [246] $21851y [167] $21851y [88] $21851y [9] $21851y [245] $21851y [166] $21851y [87] $21851y [8] $21851y [244] $21851y [165] $21851y [86] $21851y [7] $21851y [243] $21851y [164] $21851y [85] $21851y [6] $21851y [242] $21851y [163] $21851y [84] $21851y [5] $21851y [241] $21851y [162] $21851y [83] $21851y [4] $21851y [240] $21851y [161] $21851y [82] $21851y [3] $21851y [239] $21851y [160] $21851y [81] $21851y [2] $21851y [238] $21851y [159] $21851y [80] $21851y [1] } = { $21851y [237] $21851y [158] $21851y [79] $21851y [0] $21851y [237] $21851y [158] $21851y [79] $21851y [0] $21851y [237] $21851y [158] $21851y [79] $21851y [0] $21851y [237] $21851y [158] $21851y [79] $21851y [0] $21851y [237] $21851y [158] $21851y [79] $21851y [0] $21851y [237] $21851y [158] $21851y [79] $21851y [0] $21851y [237] $21851y [158] $21851y [79] $21851y [0] $21851y [237] $21851y [158] $21851y [79] $21851y [0] $21851y [237] $21851y [158] $21851y [79] $21851y [0] $21851y [237] $21851y [158] $21851y [79] $21851y [0] $21851y [237] $21851y [158] $21851y [79] $21851y [0] $21851y [237] $21851y [158] $21851y [79] $21851y [0] $21851y [237] $21851y [158] $21851y [79] $21851y [0] $21851y [237] $21851y [158] $21851y [79] $21851y [0] $21851y [237] $21851y [158] $21851y [79] $21851y [0] $21851y [237] $21851y [158] $21851y [79] $21851y [0] $21851y [237] $21851y [158] $21851y [79] $21851y [0] $21851y [237] $21851y [158] $21851y [79] $21851y [0] $21851y [237] $21851y [158] $21851y [79] $21851y [0] $21851y [237] $21851y [158] $21851y [79] $21851y [0] $21851y [237] $21851y [158] $21851y [79] $21851y [0] $21851y [237] $21851y [158] $21851y [79] $21851y [0] $21851y [237] $21851y [158] $21851y [79] $21851y [0] $21851y [237] $21851y [158] $21851y [79] $21851y [0] $21851y [237] $21851y [158] $21851y [79] $21851y [0] $21851y [237] $21851y [158] $21851y [79] $21851y [0] $21851y [237] $21851y [158] $21851y [79] $21851y [0] $21851y [237] $21851y [158] $21851y [79] $21851y [0] $21851y [237] $21851y [158] $21851y [79] $21851y [0] $21851y [237] $21851y [158] $21851y [79] $21851y [0] $21851y [237] $21851y [158] $21851y [79] $21851y [0] $21851y [237] $21851y [158] $21851y [79] $21851y [0] $21851y [237] $21851y [158] $21851y [79] $21851y [0] $21851y [237] $21851y [158] $21851y [79] $21851y [0] $21851y [237] $21851y [158] $21851y [79] $21851y [0] $21851y [237] $21851y [158] $21851y [79] $21851y [0] $21851y [237] $21851y [158] $21851y [79] $21851y [0] $21851y [237] $21851y [158] $21851y [79] $21851y [0] $21851y [237] $21851y [158] $21851y [79] $21851y [0] $21851y [237] $21851y [158] $21851y [79] $21851y [0] $21851y [237] $21851y [158] $21851y [79] $21851y [0] $21851y [237] $21851y [158] $21851y [79] $21851y [0] $21851y [237] $21851y [158] $21851y [79] $21851y [0] $21851y [237] $21851y [158] $21851y [79] $21851y [0] $21851y [237] $21851y [158] $21851y [79] $21851y [0] $21851y [237] $21851y [158] $21851y [79] $21851y [0] $21851y [237] $21851y [158] $21851y [79] $21851y [0] $21851y [237] $21851y [158] $21851y [79] $21851y [0] $21851y [237] $21851y [158] $21851y [79] $21851y [0] $21851y [237] $21851y [158] $21851y [79] $21851y [0] $21851y [237] $21851y [158] $21851y [79] $21851y [0] $21851y [237] $21851y [158] $21851y [79] $21851y [0] $21851y [237] $21851y [158] $21851y [79] $21851y [0] $21851y [237] $21851y [158] $21851y [79] $21851y [0] $21851y [237] $21851y [158] $21851y [79] $21851y [0] $21851y [237] $21851y [158] $21851y [79] $21851y [0] $21851y [237] $21851y [158] $21851y [79] $21851y [0] $21851y [237] $21851y [158] $21851y [79] $21851y [0] $21851y [237] $21851y [158] $21851y [79] $21851y [0] $21851y [237] $21851y [158] $21851y [79] $21851y [0] $21851y [237] $21851y [158] $21851y [79] $21851y [0] $21851y [237] $21851y [158] $21851y [79] $21851y [0] $21851y [237] $21851y [158] $21851y [79] $21851y [0] $21851y [237] $21851y [158] $21851y [79] $21851y [0] $21851y [237] $21851y [158] $21851y [79] $21851y [0] $21851y [237] $21851y [158] $21851y [79] $21851y [0] $21851y [237] $21851y [158] $21851y [79] $21851y [0] $21851y [237] $21851y [158] $21851y [79] $21851y [0] $21851y [237] $21851y [158] $21851y [79] $21851y [0] $21851y [237] $21851y [158] $21851y [79] $21851y [0] $21851y [237] $21851y [158] $21851y [79] $21851y [0] $21851y [237] $21851y [158] $21851y [79] $21851y [0] $21851y [237] $21851y [158] $21851y [79] $21851y [0] $21851y [237] $21851y [158] $21851y [79] $21851y [0] $21851y [237] $21851y [158] $21851y [79] $21851y [0] $21851y [237] $21851y [158] $21851y [79] $21851y [0] $21851y [237] $21851y [158] $21851y [79] $21851y [0] $21851y [237] $21851y [158] $21851y [79] $21851y [0] }
    Consolidated identical input bits for $demux cell $21961:
      Old ports: A=80'11111111111111111111111111111111111111111111111111111111111111111111111111111111, Y=$21961y
      New ports: A=1'1, Y={ $21961y [240] $21961y [160] $21961y [80] $21961y [0] }
      New connections: { $21961y [319] $21961y [239] $21961y [159] $21961y [79] $21961y [318] $21961y [238] $21961y [158] $21961y [78] $21961y [317] $21961y [237] $21961y [157] $21961y [77] $21961y [316] $21961y [236] $21961y [156] $21961y [76] $21961y [315] $21961y [235] $21961y [155] $21961y [75] $21961y [314] $21961y [234] $21961y [154] $21961y [74] $21961y [313] $21961y [233] $21961y [153] $21961y [73] $21961y [312] $21961y [232] $21961y [152] $21961y [72] $21961y [311] $21961y [231] $21961y [151] $21961y [71] $21961y [310] $21961y [230] $21961y [150] $21961y [70] $21961y [309] $21961y [229] $21961y [149] $21961y [69] $21961y [308] $21961y [228] $21961y [148] $21961y [68] $21961y [307] $21961y [227] $21961y [147] $21961y [67] $21961y [306] $21961y [226] $21961y [146] $21961y [66] $21961y [305] $21961y [225] $21961y [145] $21961y [65] $21961y [304] $21961y [224] $21961y [144] $21961y [64] $21961y [303] $21961y [223] $21961y [143] $21961y [63] $21961y [302] $21961y [222] $21961y [142] $21961y [62] $21961y [301] $21961y [221] $21961y [141] $21961y [61] $21961y [300] $21961y [220] $21961y [140] $21961y [60] $21961y [299] $21961y [219] $21961y [139] $21961y [59] $21961y [298] $21961y [218] $21961y [138] $21961y [58] $21961y [297] $21961y [217] $21961y [137] $21961y [57] $21961y [296] $21961y [216] $21961y [136] $21961y [56] $21961y [295] $21961y [215] $21961y [135] $21961y [55] $21961y [294] $21961y [214] $21961y [134] $21961y [54] $21961y [293] $21961y [213] $21961y [133] $21961y [53] $21961y [292] $21961y [212] $21961y [132] $21961y [52] $21961y [291] $21961y [211] $21961y [131] $21961y [51] $21961y [290] $21961y [210] $21961y [130] $21961y [50] $21961y [289] $21961y [209] $21961y [129] $21961y [49] $21961y [288] $21961y [208] $21961y [128] $21961y [48] $21961y [287] $21961y [207] $21961y [127] $21961y [47] $21961y [286] $21961y [206] $21961y [126] $21961y [46] $21961y [285] $21961y [205] $21961y [125] $21961y [45] $21961y [284] $21961y [204] $21961y [124] $21961y [44] $21961y [283] $21961y [203] $21961y [123] $21961y [43] $21961y [282] $21961y [202] $21961y [122] $21961y [42] $21961y [281] $21961y [201] $21961y [121] $21961y [41] $21961y [280] $21961y [200] $21961y [120] $21961y [40] $21961y [279] $21961y [199] $21961y [119] $21961y [39] $21961y [278] $21961y [198] $21961y [118] $21961y [38] $21961y [277] $21961y [197] $21961y [117] $21961y [37] $21961y [276] $21961y [196] $21961y [116] $21961y [36] $21961y [275] $21961y [195] $21961y [115] $21961y [35] $21961y [274] $21961y [194] $21961y [114] $21961y [34] $21961y [273] $21961y [193] $21961y [113] $21961y [33] $21961y [272] $21961y [192] $21961y [112] $21961y [32] $21961y [271] $21961y [191] $21961y [111] $21961y [31] $21961y [270] $21961y [190] $21961y [110] $21961y [30] $21961y [269] $21961y [189] $21961y [109] $21961y [29] $21961y [268] $21961y [188] $21961y [108] $21961y [28] $21961y [267] $21961y [187] $21961y [107] $21961y [27] $21961y [266] $21961y [186] $21961y [106] $21961y [26] $21961y [265] $21961y [185] $21961y [105] $21961y [25] $21961y [264] $21961y [184] $21961y [104] $21961y [24] $21961y [263] $21961y [183] $21961y [103] $21961y [23] $21961y [262] $21961y [182] $21961y [102] $21961y [22] $21961y [261] $21961y [181] $21961y [101] $21961y [21] $21961y [260] $21961y [180] $21961y [100] $21961y [20] $21961y [259] $21961y [179] $21961y [99] $21961y [19] $21961y [258] $21961y [178] $21961y [98] $21961y [18] $21961y [257] $21961y [177] $21961y [97] $21961y [17] $21961y [256] $21961y [176] $21961y [96] $21961y [16] $21961y [255] $21961y [175] $21961y [95] $21961y [15] $21961y [254] $21961y [174] $21961y [94] $21961y [14] $21961y [253] $21961y [173] $21961y [93] $21961y [13] $21961y [252] $21961y [172] $21961y [92] $21961y [12] $21961y [251] $21961y [171] $21961y [91] $21961y [11] $21961y [250] $21961y [170] $21961y [90] $21961y [10] $21961y [249] $21961y [169] $21961y [89] $21961y [9] $21961y [248] $21961y [168] $21961y [88] $21961y [8] $21961y [247] $21961y [167] $21961y [87] $21961y [7] $21961y [246] $21961y [166] $21961y [86] $21961y [6] $21961y [245] $21961y [165] $21961y [85] $21961y [5] $21961y [244] $21961y [164] $21961y [84] $21961y [4] $21961y [243] $21961y [163] $21961y [83] $21961y [3] $21961y [242] $21961y [162] $21961y [82] $21961y [2] $21961y [241] $21961y [161] $21961y [81] $21961y [1] } = { $21961y [240] $21961y [160] $21961y [80] $21961y [0] $21961y [240] $21961y [160] $21961y [80] $21961y [0] $21961y [240] $21961y [160] $21961y [80] $21961y [0] $21961y [240] $21961y [160] $21961y [80] $21961y [0] $21961y [240] $21961y [160] $21961y [80] $21961y [0] $21961y [240] $21961y [160] $21961y [80] $21961y [0] $21961y [240] $21961y [160] $21961y [80] $21961y [0] $21961y [240] $21961y [160] $21961y [80] $21961y [0] $21961y [240] $21961y [160] $21961y [80] $21961y [0] $21961y [240] $21961y [160] $21961y [80] $21961y [0] $21961y [240] $21961y [160] $21961y [80] $21961y [0] $21961y [240] $21961y [160] $21961y [80] $21961y [0] $21961y [240] $21961y [160] $21961y [80] $21961y [0] $21961y [240] $21961y [160] $21961y [80] $21961y [0] $21961y [240] $21961y [160] $21961y [80] $21961y [0] $21961y [240] $21961y [160] $21961y [80] $21961y [0] $21961y [240] $21961y [160] $21961y [80] $21961y [0] $21961y [240] $21961y [160] $21961y [80] $21961y [0] $21961y [240] $21961y [160] $21961y [80] $21961y [0] $21961y [240] $21961y [160] $21961y [80] $21961y [0] $21961y [240] $21961y [160] $21961y [80] $21961y [0] $21961y [240] $21961y [160] $21961y [80] $21961y [0] $21961y [240] $21961y [160] $21961y [80] $21961y [0] $21961y [240] $21961y [160] $21961y [80] $21961y [0] $21961y [240] $21961y [160] $21961y [80] $21961y [0] $21961y [240] $21961y [160] $21961y [80] $21961y [0] $21961y [240] $21961y [160] $21961y [80] $21961y [0] $21961y [240] $21961y [160] $21961y [80] $21961y [0] $21961y [240] $21961y [160] $21961y [80] $21961y [0] $21961y [240] $21961y [160] $21961y [80] $21961y [0] $21961y [240] $21961y [160] $21961y [80] $21961y [0] $21961y [240] $21961y [160] $21961y [80] $21961y [0] $21961y [240] $21961y [160] $21961y [80] $21961y [0] $21961y [240] $21961y [160] $21961y [80] $21961y [0] $21961y [240] $21961y [160] $21961y [80] $21961y [0] $21961y [240] $21961y [160] $21961y [80] $21961y [0] $21961y [240] $21961y [160] $21961y [80] $21961y [0] $21961y [240] $21961y [160] $21961y [80] $21961y [0] $21961y [240] $21961y [160] $21961y [80] $21961y [0] $21961y [240] $21961y [160] $21961y [80] $21961y [0] $21961y [240] $21961y [160] $21961y [80] $21961y [0] $21961y [240] $21961y [160] $21961y [80] $21961y [0] $21961y [240] $21961y [160] $21961y [80] $21961y [0] $21961y [240] $21961y [160] $21961y [80] $21961y [0] $21961y [240] $21961y [160] $21961y [80] $21961y [0] $21961y [240] $21961y [160] $21961y [80] $21961y [0] $21961y [240] $21961y [160] $21961y [80] $21961y [0] $21961y [240] $21961y [160] $21961y [80] $21961y [0] $21961y [240] $21961y [160] $21961y [80] $21961y [0] $21961y [240] $21961y [160] $21961y [80] $21961y [0] $21961y [240] $21961y [160] $21961y [80] $21961y [0] $21961y [240] $21961y [160] $21961y [80] $21961y [0] $21961y [240] $21961y [160] $21961y [80] $21961y [0] $21961y [240] $21961y [160] $21961y [80] $21961y [0] $21961y [240] $21961y [160] $21961y [80] $21961y [0] $21961y [240] $21961y [160] $21961y [80] $21961y [0] $21961y [240] $21961y [160] $21961y [80] $21961y [0] $21961y [240] $21961y [160] $21961y [80] $21961y [0] $21961y [240] $21961y [160] $21961y [80] $21961y [0] $21961y [240] $21961y [160] $21961y [80] $21961y [0] $21961y [240] $21961y [160] $21961y [80] $21961y [0] $21961y [240] $21961y [160] $21961y [80] $21961y [0] $21961y [240] $21961y [160] $21961y [80] $21961y [0] $21961y [240] $21961y [160] $21961y [80] $21961y [0] $21961y [240] $21961y [160] $21961y [80] $21961y [0] $21961y [240] $21961y [160] $21961y [80] $21961y [0] $21961y [240] $21961y [160] $21961y [80] $21961y [0] $21961y [240] $21961y [160] $21961y [80] $21961y [0] $21961y [240] $21961y [160] $21961y [80] $21961y [0] $21961y [240] $21961y [160] $21961y [80] $21961y [0] $21961y [240] $21961y [160] $21961y [80] $21961y [0] $21961y [240] $21961y [160] $21961y [80] $21961y [0] $21961y [240] $21961y [160] $21961y [80] $21961y [0] $21961y [240] $21961y [160] $21961y [80] $21961y [0] $21961y [240] $21961y [160] $21961y [80] $21961y [0] $21961y [240] $21961y [160] $21961y [80] $21961y [0] $21961y [240] $21961y [160] $21961y [80] $21961y [0] $21961y [240] $21961y [160] $21961y [80] $21961y [0] $21961y [240] $21961y [160] $21961y [80] $21961y [0] }
    Consolidated identical input bits for $demux cell $22073:
      Old ports: A=15'111111111111111, Y=$22073y
      New ports: A=1'1, Y={ $22073y [45] $22073y [30] $22073y [15] $22073y [0] }
      New connections: { $22073y [59] $22073y [44] $22073y [29] $22073y [14] $22073y [58] $22073y [43] $22073y [28] $22073y [13] $22073y [57] $22073y [42] $22073y [27] $22073y [12] $22073y [56] $22073y [41] $22073y [26] $22073y [11] $22073y [55] $22073y [40] $22073y [25] $22073y [10] $22073y [54] $22073y [39] $22073y [24] $22073y [9] $22073y [53] $22073y [38] $22073y [23] $22073y [8] $22073y [52] $22073y [37] $22073y [22] $22073y [7] $22073y [51] $22073y [36] $22073y [21] $22073y [6] $22073y [50] $22073y [35] $22073y [20] $22073y [5] $22073y [49] $22073y [34] $22073y [19] $22073y [4] $22073y [48] $22073y [33] $22073y [18] $22073y [3] $22073y [47] $22073y [32] $22073y [17] $22073y [2] $22073y [46] $22073y [31] $22073y [16] $22073y [1] } = { $22073y [45] $22073y [30] $22073y [15] $22073y [0] $22073y [45] $22073y [30] $22073y [15] $22073y [0] $22073y [45] $22073y [30] $22073y [15] $22073y [0] $22073y [45] $22073y [30] $22073y [15] $22073y [0] $22073y [45] $22073y [30] $22073y [15] $22073y [0] $22073y [45] $22073y [30] $22073y [15] $22073y [0] $22073y [45] $22073y [30] $22073y [15] $22073y [0] $22073y [45] $22073y [30] $22073y [15] $22073y [0] $22073y [45] $22073y [30] $22073y [15] $22073y [0] $22073y [45] $22073y [30] $22073y [15] $22073y [0] $22073y [45] $22073y [30] $22073y [15] $22073y [0] $22073y [45] $22073y [30] $22073y [15] $22073y [0] $22073y [45] $22073y [30] $22073y [15] $22073y [0] $22073y [45] $22073y [30] $22073y [15] $22073y [0] }
    Consolidated identical input bits for $mux cell $22236:
      Old ports: A={ \soc_interconnect.axi64_2_lint32_i.parallel_lint_write.data_add_i \soc_interconnect.axi64_2_lint32_i.parallel_lint_write.data_add_i }, B={ $22235y \soc_interconnect.axi64_2_lint32_i.parallel_lint_write.data_add_i [31:3] 3'000 }, Y=\soc_interconnect.axi64_2_lint32_i.data_W_add_o
      New ports: A={ \soc_interconnect.axi64_2_lint32_i.parallel_lint_write.data_add_i [31:2] \soc_interconnect.axi64_2_lint32_i.parallel_lint_write.data_add_i [2:0] }, B={ $22235y [31:3] 4'1000 }, Y={ \soc_interconnect.axi64_2_lint32_i.data_W_add_o [63:34] \soc_interconnect.axi64_2_lint32_i.data_W_add_o [2:0] }
      New connections: \soc_interconnect.axi64_2_lint32_i.data_W_add_o [33:3] = { \soc_interconnect.axi64_2_lint32_i.data_W_add_o [1:0] \soc_interconnect.axi64_2_lint32_i.parallel_lint_write.data_add_i [31:3] }
    Consolidated identical input bits for $mux cell $22535:
      Old ports: A={ \soc_interconnect.axi64_2_lint32_i.parallel_lint_read.data_add_i \soc_interconnect.axi64_2_lint32_i.parallel_lint_read.data_add_i }, B={ $22534y \soc_interconnect.axi64_2_lint32_i.parallel_lint_read.data_add_i [31:3] 3'000 }, Y=\soc_interconnect.axi64_2_lint32_i.data_R_add_o
      New ports: A={ \soc_interconnect.axi64_2_lint32_i.parallel_lint_read.data_add_i [31:2] \soc_interconnect.axi64_2_lint32_i.parallel_lint_read.data_add_i [2:0] }, B={ $22534y [31:3] 4'1000 }, Y={ \soc_interconnect.axi64_2_lint32_i.data_R_add_o [63:34] \soc_interconnect.axi64_2_lint32_i.data_R_add_o [2:0] }
      New connections: \soc_interconnect.axi64_2_lint32_i.data_R_add_o [33:3] = { \soc_interconnect.axi64_2_lint32_i.data_R_add_o [1:0] \soc_interconnect.axi64_2_lint32_i.parallel_lint_read.data_add_i [31:3] }
    Consolidated identical input bits for $mux cell $2933:
      Old ports: A=4'0101, B=4'1010, Y=$2933y
      New ports: A=2'01, B=2'10, Y=$2933y [1:0]
      New connections: $2933y [3:2] = $2933y [1:0]
    Consolidated identical input bits for $mux cell $2934:
      Old ports: A=4'0101, B=4'1001, Y=$2934y
      New ports: A=2'01, B=2'10, Y=$2934y [3:2]
      New connections: $2934y [1:0] = 2'01
    Consolidated identical input bits for $mux cell $29821:
      Old ports: A=\mux_func.sha.f_permutation_.out, B={ $29820y \mux_func.sha.f_permutation_.out [1023:0] }, Y=\mux_func.sha.f_permutation_.round_.in
      New ports: A=\mux_func.sha.f_permutation_.out [1599:1024], B=$29820y, Y=\mux_func.sha.f_permutation_.round_.in [1599:1024]
      New connections: \mux_func.sha.f_permutation_.round_.in [1023:0] = \mux_func.sha.f_permutation_.out [1023:0]
    Consolidated identical input bits for $mux cell $2983:
      Old ports: A=3'000, B=3'101, Y=$2983y
      New ports: A=1'0, B=1'1, Y=$2983y [0]
      New connections: $2983y [2:1] = { $2983y [0] 1'0 }
    Consolidated identical input bits for $mux cell $2997:
      Old ports: A=2'11, B=2'00, Y=$2997y
      New ports: A=1'1, B=1'0, Y=$2997y [0]
      New connections: $2997y [1] = $2997y [0]
    Consolidated identical input bits for $demux cell $3268:
      Old ports: A=32'11111111111111111111111111111111, Y=$3256y
      New ports: A=1'1, Y={ $3256y [32] $3256y [0] }
      New connections: { $3256y [63] $3256y [31] $3256y [62] $3256y [30] $3256y [61] $3256y [29] $3256y [60] $3256y [28] $3256y [59] $3256y [27] $3256y [58] $3256y [26] $3256y [57] $3256y [25] $3256y [56] $3256y [24] $3256y [55] $3256y [23] $3256y [54] $3256y [22] $3256y [53] $3256y [21] $3256y [52] $3256y [20] $3256y [51] $3256y [19] $3256y [50] $3256y [18] $3256y [49] $3256y [17] $3256y [48] $3256y [16] $3256y [47] $3256y [15] $3256y [46] $3256y [14] $3256y [45] $3256y [13] $3256y [44] $3256y [12] $3256y [43] $3256y [11] $3256y [42] $3256y [10] $3256y [41] $3256y [9] $3256y [40] $3256y [8] $3256y [39] $3256y [7] $3256y [38] $3256y [6] $3256y [37] $3256y [5] $3256y [36] $3256y [4] $3256y [35] $3256y [3] $3256y [34] $3256y [2] $3256y [33] $3256y [1] } = { $3256y [32] $3256y [0] $3256y [32] $3256y [0] $3256y [32] $3256y [0] $3256y [32] $3256y [0] $3256y [32] $3256y [0] $3256y [32] $3256y [0] $3256y [32] $3256y [0] $3256y [32] $3256y [0] $3256y [32] $3256y [0] $3256y [32] $3256y [0] $3256y [32] $3256y [0] $3256y [32] $3256y [0] $3256y [32] $3256y [0] $3256y [32] $3256y [0] $3256y [32] $3256y [0] $3256y [32] $3256y [0] $3256y [32] $3256y [0] $3256y [32] $3256y [0] $3256y [32] $3256y [0] $3256y [32] $3256y [0] $3256y [32] $3256y [0] $3256y [32] $3256y [0] $3256y [32] $3256y [0] $3256y [32] $3256y [0] $3256y [32] $3256y [0] $3256y [32] $3256y [0] $3256y [32] $3256y [0] $3256y [32] $3256y [0] $3256y [32] $3256y [0] $3256y [32] $3256y [0] $3256y [32] $3256y [0] }
    Consolidated identical input bits for $mux cell $3850:
      Old ports: A={ $3849y $3849y $3849y $3849y $3849y $3849y $3849y $3849y $3849y $3849y $3849y $3849y $3849y $3849y $3849y $3849y $3849y $3849y $3849y $3849y $3849y $3849y $3849y $3849y $3849y $3849y $3849y $3849y $3849y $3849y $3849y $3849y \riscv_core.ex_stage_i.alu_i.shift_op_a }, B={ \riscv_core.ex_stage_i.alu_i.shift_op_a \riscv_core.ex_stage_i.alu_i.shift_op_a }, Y=\riscv_core.ex_stage_i.alu_i.shift_op_a_32
      New ports: A={ $3849y $3849y $3849y $3849y $3849y $3849y $3849y $3849y $3849y $3849y $3849y $3849y $3849y $3849y $3849y $3849y $3849y $3849y $3849y $3849y $3849y $3849y $3849y $3849y $3849y $3849y $3849y $3849y $3849y $3849y $3849y $3849y }, B=\riscv_core.ex_stage_i.alu_i.shift_op_a, Y=\riscv_core.ex_stage_i.alu_i.shift_op_a_32 [63:32]
      New connections: \riscv_core.ex_stage_i.alu_i.shift_op_a_32 [31:0] = \riscv_core.ex_stage_i.alu_i.shift_op_a
    Consolidated identical input bits for $mux cell $4054:
      Old ports: A={ \riscv_core.id_stage_i.alu_operand_a_ex_o [7:0] \riscv_core.id_stage_i.alu_operand_a_ex_o [7:0] \riscv_core.id_stage_i.alu_operand_a_ex_o [7:0] \riscv_core.id_stage_i.alu_operand_a_ex_o [7:0] }, B={ \riscv_core.id_stage_i.alu_operand_a_ex_o [15:0] \riscv_core.id_stage_i.alu_operand_a_ex_o [15:0] }, Y=$4054y
      New ports: A=\riscv_core.id_stage_i.alu_operand_a_ex_o [7:0], B=\riscv_core.id_stage_i.alu_operand_a_ex_o [15:8], Y=$4054y [15:8]
      New connections: { $4054y [31:16] $4054y [7:0] } = { $4054y [15:8] \riscv_core.id_stage_i.alu_operand_a_ex_o [7:0] \riscv_core.id_stage_i.alu_operand_a_ex_o [7:0] }
    Consolidated identical input bits for $mux cell $4246:
      Old ports: A={ 4'0001 \riscv_core.ex_stage_i.alu_i.alu_ff_i.index_nodes [80] }, B={ 4'0000 \riscv_core.ex_stage_i.alu_i.alu_ff_i.index_nodes [75] }, Y=\riscv_core.ex_stage_i.alu_i.alu_ff_i.index_nodes [39:35]
      New ports: A={ 1'1 \riscv_core.ex_stage_i.alu_i.alu_ff_i.index_nodes [80] }, B={ 1'0 \riscv_core.ex_stage_i.alu_i.alu_ff_i.index_nodes [75] }, Y=\riscv_core.ex_stage_i.alu_i.alu_ff_i.index_nodes [36:35]
      New connections: \riscv_core.ex_stage_i.alu_i.alu_ff_i.index_nodes [39:37] = 3'000
    Consolidated identical input bits for $mux cell $4251:
      Old ports: A={ 4'0011 \riscv_core.ex_stage_i.alu_i.alu_ff_i.index_nodes [90] }, B={ 4'0010 \riscv_core.ex_stage_i.alu_i.alu_ff_i.index_nodes [85] }, Y=\riscv_core.ex_stage_i.alu_i.alu_ff_i.index_nodes [44:40]
      New ports: A={ 1'1 \riscv_core.ex_stage_i.alu_i.alu_ff_i.index_nodes [90] }, B={ 1'0 \riscv_core.ex_stage_i.alu_i.alu_ff_i.index_nodes [85] }, Y=\riscv_core.ex_stage_i.alu_i.alu_ff_i.index_nodes [41:40]
      New connections: \riscv_core.ex_stage_i.alu_i.alu_ff_i.index_nodes [44:42] = 3'001
    Consolidated identical input bits for $mux cell $4256:
      Old ports: A={ 4'0101 \riscv_core.ex_stage_i.alu_i.alu_ff_i.index_nodes [100] }, B={ 4'0100 \riscv_core.ex_stage_i.alu_i.alu_ff_i.index_nodes [95] }, Y=\riscv_core.ex_stage_i.alu_i.alu_ff_i.index_nodes [49:45]
      New ports: A={ 1'1 \riscv_core.ex_stage_i.alu_i.alu_ff_i.index_nodes [100] }, B={ 1'0 \riscv_core.ex_stage_i.alu_i.alu_ff_i.index_nodes [95] }, Y=\riscv_core.ex_stage_i.alu_i.alu_ff_i.index_nodes [46:45]
      New connections: \riscv_core.ex_stage_i.alu_i.alu_ff_i.index_nodes [49:47] = 3'010
    Consolidated identical input bits for $mux cell $4261:
      Old ports: A={ 4'0111 \riscv_core.ex_stage_i.alu_i.alu_ff_i.index_nodes [110] }, B={ 4'0110 \riscv_core.ex_stage_i.alu_i.alu_ff_i.index_nodes [105] }, Y=\riscv_core.ex_stage_i.alu_i.alu_ff_i.index_nodes [54:50]
      New ports: A={ 1'1 \riscv_core.ex_stage_i.alu_i.alu_ff_i.index_nodes [110] }, B={ 1'0 \riscv_core.ex_stage_i.alu_i.alu_ff_i.index_nodes [105] }, Y=\riscv_core.ex_stage_i.alu_i.alu_ff_i.index_nodes [51:50]
      New connections: \riscv_core.ex_stage_i.alu_i.alu_ff_i.index_nodes [54:52] = 3'011
    Consolidated identical input bits for $mux cell $4266:
      Old ports: A={ 4'1001 \riscv_core.ex_stage_i.alu_i.alu_ff_i.index_nodes [120] }, B={ 4'1000 \riscv_core.ex_stage_i.alu_i.alu_ff_i.index_nodes [115] }, Y=\riscv_core.ex_stage_i.alu_i.alu_ff_i.index_nodes [59:55]
      New ports: A={ 1'1 \riscv_core.ex_stage_i.alu_i.alu_ff_i.index_nodes [120] }, B={ 1'0 \riscv_core.ex_stage_i.alu_i.alu_ff_i.index_nodes [115] }, Y=\riscv_core.ex_stage_i.alu_i.alu_ff_i.index_nodes [56:55]
      New connections: \riscv_core.ex_stage_i.alu_i.alu_ff_i.index_nodes [59:57] = 3'100
    Consolidated identical input bits for $mux cell $4271:
      Old ports: A={ 4'1011 \riscv_core.ex_stage_i.alu_i.alu_ff_i.index_nodes [130] }, B={ 4'1010 \riscv_core.ex_stage_i.alu_i.alu_ff_i.index_nodes [125] }, Y=\riscv_core.ex_stage_i.alu_i.alu_ff_i.index_nodes [64:60]
      New ports: A={ 1'1 \riscv_core.ex_stage_i.alu_i.alu_ff_i.index_nodes [130] }, B={ 1'0 \riscv_core.ex_stage_i.alu_i.alu_ff_i.index_nodes [125] }, Y=\riscv_core.ex_stage_i.alu_i.alu_ff_i.index_nodes [61:60]
      New connections: \riscv_core.ex_stage_i.alu_i.alu_ff_i.index_nodes [64:62] = 3'101
    Consolidated identical input bits for $mux cell $4276:
      Old ports: A={ 4'1101 \riscv_core.ex_stage_i.alu_i.alu_ff_i.index_nodes [140] }, B={ 4'1100 \riscv_core.ex_stage_i.alu_i.alu_ff_i.index_nodes [135] }, Y=\riscv_core.ex_stage_i.alu_i.alu_ff_i.index_nodes [69:65]
      New ports: A={ 1'1 \riscv_core.ex_stage_i.alu_i.alu_ff_i.index_nodes [140] }, B={ 1'0 \riscv_core.ex_stage_i.alu_i.alu_ff_i.index_nodes [135] }, Y=\riscv_core.ex_stage_i.alu_i.alu_ff_i.index_nodes [66:65]
      New connections: \riscv_core.ex_stage_i.alu_i.alu_ff_i.index_nodes [69:67] = 3'110
    Consolidated identical input bits for $mux cell $4281:
      Old ports: A={ 4'1111 \riscv_core.ex_stage_i.alu_i.alu_ff_i.index_nodes [150] }, B={ 4'1110 \riscv_core.ex_stage_i.alu_i.alu_ff_i.index_nodes [145] }, Y=\riscv_core.ex_stage_i.alu_i.alu_ff_i.index_nodes [74:70]
      New ports: A={ 1'1 \riscv_core.ex_stage_i.alu_i.alu_ff_i.index_nodes [150] }, B={ 1'0 \riscv_core.ex_stage_i.alu_i.alu_ff_i.index_nodes [145] }, Y=\riscv_core.ex_stage_i.alu_i.alu_ff_i.index_nodes [71:70]
      New connections: \riscv_core.ex_stage_i.alu_i.alu_ff_i.index_nodes [74:72] = 3'111
    Consolidated identical input bits for $mux cell $4575:
      Old ports: A={ \riscv_core.ex_stage_i.mult_i.mulh_carry_q \riscv_core.id_stage_i.mult_operand_c_ex_o }, B={ \riscv_core.id_stage_i.mult_operand_c_ex_o [31] \riscv_core.id_stage_i.mult_operand_c_ex_o }, Y=\riscv_core.ex_stage_i.mult_i.short_op_c
      New ports: A=\riscv_core.ex_stage_i.mult_i.mulh_carry_q, B=\riscv_core.id_stage_i.mult_operand_c_ex_o [31], Y=\riscv_core.ex_stage_i.mult_i.short_op_c [32]
      New connections: \riscv_core.ex_stage_i.mult_i.short_op_c [31:0] = \riscv_core.id_stage_i.mult_operand_c_ex_o
    Consolidated identical input bits for $mux cell $61:
      Old ports: A={ \instr_rdata_i [15:0] \riscv_core.if_stage_i.prefetch_32.prefetch_buffer_i.fifo_i.rdata [31:16] }, B={ \riscv_core.if_stage_i.prefetch_32.prefetch_buffer_i.fifo_i.rdata_Q [79:64] \riscv_core.if_stage_i.prefetch_32.prefetch_buffer_i.fifo_i.rdata [31:16] }, Y=\riscv_core.if_stage_i.prefetch_32.prefetch_buffer_i.fifo_i.rdata_unaligned
      New ports: A=\instr_rdata_i [15:0], B=\riscv_core.if_stage_i.prefetch_32.prefetch_buffer_i.fifo_i.rdata_Q [79:64], Y=\riscv_core.if_stage_i.prefetch_32.prefetch_buffer_i.fifo_i.rdata_unaligned [31:16]
      New connections: \riscv_core.if_stage_i.prefetch_32.prefetch_buffer_i.fifo_i.rdata_unaligned [15:0] = \riscv_core.if_stage_i.prefetch_32.prefetch_buffer_i.fifo_i.rdata [31:16]
    Consolidated identical input bits for $mux cell $646:
      Old ports: A=3'100, B=3'010, Y=$646y
      New ports: A=2'10, B=2'01, Y=$646y [2:1]
      New connections: $646y [0] = 1'0
    Consolidated identical input bits for $mux cell $procmux$10424:
      Old ports: A=2'00, B=2'10, Y=$procmux$10424_Y
      New ports: A=1'0, B=1'1, Y=$procmux$10424_Y [1]
      New connections: $procmux$10424_Y [0] = 1'0
    Consolidated identical input bits for $mux cell $procmux$11101:
      Old ports: A=2'00, B=2'10, Y=$procmux$11101_Y
      New ports: A=1'0, B=1'1, Y=$procmux$11101_Y [1]
      New connections: $procmux$11101_Y [0] = 1'0
    Consolidated identical input bits for $mux cell $procmux$11998:
      Old ports: A=2'00, B=2'10, Y=$procmux$11778_Y
      New ports: A=1'0, B=1'1, Y=$procmux$11778_Y [1]
      New connections: $procmux$11778_Y [0] = 1'0
    Consolidated identical input bits for $mux cell $procmux$12455:
      Old ports: A=2'00, B=2'10, Y=$procmux$12455_Y
      New ports: A=1'0, B=1'1, Y=$procmux$12455_Y [1]
      New connections: $procmux$12455_Y [0] = 1'0
    Consolidated identical input bits for $mux cell $procmux$13546:
      Old ports: A=2'00, B=2'10, Y=$procmux$13132_Y
      New ports: A=1'0, B=1'1, Y=$procmux$13132_Y [1]
      New connections: $procmux$13132_Y [0] = 1'0
    Consolidated identical input bits for $mux cell $procmux$14223:
      Old ports: A=2'00, B=2'10, Y=$procmux$13809_Y
      New ports: A=1'0, B=1'1, Y=$procmux$13809_Y [1]
      New connections: $procmux$13809_Y [0] = 1'0
    Consolidated identical input bits for $mux cell $procmux$14900:
      Old ports: A=2'00, B=2'10, Y=$procmux$14486_Y
      New ports: A=1'0, B=1'1, Y=$procmux$14486_Y [1]
      New connections: $procmux$14486_Y [0] = 1'0
    Consolidated identical input bits for $mux cell $procmux$20133:
      Old ports: A=0, B=32'11111111111111111111111111111111, Y=$30767 [31:0]
      New ports: A=1'0, B=1'1, Y=$30767 [0]
      New connections: $30767 [31:1] = { $30767 [0] $30767 [0] $30767 [0] $30767 [0] $30767 [0] $30767 [0] $30767 [0] $30767 [0] $30767 [0] $30767 [0] $30767 [0] $30767 [0] $30767 [0] $30767 [0] $30767 [0] $30767 [0] $30767 [0] $30767 [0] $30767 [0] $30767 [0] $30767 [0] $30767 [0] $30767 [0] $30767 [0] $30767 [0] $30767 [0] $30767 [0] $30767 [0] $30767 [0] $30767 [0] $30767 [0] }
    Consolidated identical input bits for $mux cell $procmux$20592:
      Old ports: A=6'011111, B={ 1'0 \riscv_core.if_stage_i.exc_vec_pc_mux_i }, Y=$procmux$20592_Y
      New ports: A=5'11111, B=\riscv_core.if_stage_i.exc_vec_pc_mux_i, Y=$procmux$20592_Y [4:0]
      New connections: $procmux$20592_Y [5] = 1'0
    Consolidated identical input bits for $mux cell $procmux$20764:
      Old ports: A=2'00, B=2'10, Y=$auto$wreduce.cc:514:run$55190 [1:0]
      New ports: A=1'0, B=1'1, Y=$auto$wreduce.cc:514:run$55190 [1]
      New connections: $auto$wreduce.cc:514:run$55190 [0] = 1'0
    Consolidated identical input bits for $mux cell $procmux$21760:
      Old ports: A=3'100, B=3'000, Y=$procmux$21727_Y
      New ports: A=1'1, B=1'0, Y=$procmux$21727_Y [2]
      New connections: $procmux$21727_Y [1:0] = 2'00
    Consolidated identical input bits for $mux cell $procmux$21774:
      Old ports: A=2'10, B=2'00, Y=$auto$wreduce.cc:514:run$55130 [1:0]
      New ports: A=1'1, B=1'0, Y=$auto$wreduce.cc:514:run$55130 [1]
      New connections: $auto$wreduce.cc:514:run$55130 [0] = 1'0
    Consolidated identical input bits for $mux cell $procmux$22070:
      Old ports: A=2'11, B=2'00, Y=$procmux$22070_Y
      New ports: A=1'1, B=1'0, Y=$procmux$22070_Y [0]
      New connections: $procmux$22070_Y [1] = $procmux$22070_Y [0]
    Consolidated identical input bits for $mux cell $procmux$22267:
      Old ports: A={ 24'000000000000000000000000 \data_rdata_i [31:24] }, B={ \data_rdata_i [31] \data_rdata_i [31] \data_rdata_i [31] \data_rdata_i [31] \data_rdata_i [31] \data_rdata_i [31] \data_rdata_i [31] \data_rdata_i [31] \data_rdata_i [31] \data_rdata_i [31] \data_rdata_i [31] \data_rdata_i [31] \data_rdata_i [31] \data_rdata_i [31] \data_rdata_i [31] \data_rdata_i [31] \data_rdata_i [31] \data_rdata_i [31] \data_rdata_i [31] \data_rdata_i [31] \data_rdata_i [31] \data_rdata_i [31] \data_rdata_i [31] \data_rdata_i [31] \data_rdata_i [31:24] }, Y=$procmux$22267_Y
      New ports: A=1'0, B=\data_rdata_i [31], Y=$procmux$22267_Y [8]
      New connections: { $procmux$22267_Y [31:9] $procmux$22267_Y [7:0] } = { $procmux$22267_Y [8] $procmux$22267_Y [8] $procmux$22267_Y [8] $procmux$22267_Y [8] $procmux$22267_Y [8] $procmux$22267_Y [8] $procmux$22267_Y [8] $procmux$22267_Y [8] $procmux$22267_Y [8] $procmux$22267_Y [8] $procmux$22267_Y [8] $procmux$22267_Y [8] $procmux$22267_Y [8] $procmux$22267_Y [8] $procmux$22267_Y [8] $procmux$22267_Y [8] $procmux$22267_Y [8] $procmux$22267_Y [8] $procmux$22267_Y [8] $procmux$22267_Y [8] $procmux$22267_Y [8] $procmux$22267_Y [8] $procmux$22267_Y [8] \data_rdata_i [31:24] }
    Consolidated identical input bits for $mux cell $procmux$22273:
      Old ports: A={ 24'000000000000000000000000 \data_rdata_i [23:16] }, B={ \data_rdata_i [23] \data_rdata_i [23] \data_rdata_i [23] \data_rdata_i [23] \data_rdata_i [23] \data_rdata_i [23] \data_rdata_i [23] \data_rdata_i [23] \data_rdata_i [23] \data_rdata_i [23] \data_rdata_i [23] \data_rdata_i [23] \data_rdata_i [23] \data_rdata_i [23] \data_rdata_i [23] \data_rdata_i [23] \data_rdata_i [23] \data_rdata_i [23] \data_rdata_i [23] \data_rdata_i [23] \data_rdata_i [23] \data_rdata_i [23] \data_rdata_i [23] \data_rdata_i [23] \data_rdata_i [23:16] }, Y=$procmux$22273_Y
      New ports: A=1'0, B=\data_rdata_i [23], Y=$procmux$22273_Y [8]
      New connections: { $procmux$22273_Y [31:9] $procmux$22273_Y [7:0] } = { $procmux$22273_Y [8] $procmux$22273_Y [8] $procmux$22273_Y [8] $procmux$22273_Y [8] $procmux$22273_Y [8] $procmux$22273_Y [8] $procmux$22273_Y [8] $procmux$22273_Y [8] $procmux$22273_Y [8] $procmux$22273_Y [8] $procmux$22273_Y [8] $procmux$22273_Y [8] $procmux$22273_Y [8] $procmux$22273_Y [8] $procmux$22273_Y [8] $procmux$22273_Y [8] $procmux$22273_Y [8] $procmux$22273_Y [8] $procmux$22273_Y [8] $procmux$22273_Y [8] $procmux$22273_Y [8] $procmux$22273_Y [8] $procmux$22273_Y [8] \data_rdata_i [23:16] }
    Consolidated identical input bits for $mux cell $procmux$22280:
      Old ports: A={ 24'000000000000000000000000 \data_rdata_i [15:8] }, B={ \data_rdata_i [15] \data_rdata_i [15] \data_rdata_i [15] \data_rdata_i [15] \data_rdata_i [15] \data_rdata_i [15] \data_rdata_i [15] \data_rdata_i [15] \data_rdata_i [15] \data_rdata_i [15] \data_rdata_i [15] \data_rdata_i [15] \data_rdata_i [15] \data_rdata_i [15] \data_rdata_i [15] \data_rdata_i [15] \data_rdata_i [15] \data_rdata_i [15] \data_rdata_i [15] \data_rdata_i [15] \data_rdata_i [15] \data_rdata_i [15] \data_rdata_i [15] \data_rdata_i [15] \data_rdata_i [15:8] }, Y=$procmux$22280_Y
      New ports: A=1'0, B=\data_rdata_i [15], Y=$procmux$22280_Y [8]
      New connections: { $procmux$22280_Y [31:9] $procmux$22280_Y [7:0] } = { $procmux$22280_Y [8] $procmux$22280_Y [8] $procmux$22280_Y [8] $procmux$22280_Y [8] $procmux$22280_Y [8] $procmux$22280_Y [8] $procmux$22280_Y [8] $procmux$22280_Y [8] $procmux$22280_Y [8] $procmux$22280_Y [8] $procmux$22280_Y [8] $procmux$22280_Y [8] $procmux$22280_Y [8] $procmux$22280_Y [8] $procmux$22280_Y [8] $procmux$22280_Y [8] $procmux$22280_Y [8] $procmux$22280_Y [8] $procmux$22280_Y [8] $procmux$22280_Y [8] $procmux$22280_Y [8] $procmux$22280_Y [8] $procmux$22280_Y [8] \data_rdata_i [15:8] }
    Consolidated identical input bits for $mux cell $procmux$22297:
      Old ports: A={ 24'000000000000000000000000 \data_rdata_i [7:0] }, B={ \data_rdata_i [7] \data_rdata_i [7] \data_rdata_i [7] \data_rdata_i [7] \data_rdata_i [7] \data_rdata_i [7] \data_rdata_i [7] \data_rdata_i [7] \data_rdata_i [7] \data_rdata_i [7] \data_rdata_i [7] \data_rdata_i [7] \data_rdata_i [7] \data_rdata_i [7] \data_rdata_i [7] \data_rdata_i [7] \data_rdata_i [7] \data_rdata_i [7] \data_rdata_i [7] \data_rdata_i [7] \data_rdata_i [7] \data_rdata_i [7] \data_rdata_i [7] \data_rdata_i [7] \data_rdata_i [7:0] }, Y=$procmux$22297_Y
      New ports: A=1'0, B=\data_rdata_i [7], Y=$procmux$22297_Y [8]
      New connections: { $procmux$22297_Y [31:9] $procmux$22297_Y [7:0] } = { $procmux$22297_Y [8] $procmux$22297_Y [8] $procmux$22297_Y [8] $procmux$22297_Y [8] $procmux$22297_Y [8] $procmux$22297_Y [8] $procmux$22297_Y [8] $procmux$22297_Y [8] $procmux$22297_Y [8] $procmux$22297_Y [8] $procmux$22297_Y [8] $procmux$22297_Y [8] $procmux$22297_Y [8] $procmux$22297_Y [8] $procmux$22297_Y [8] $procmux$22297_Y [8] $procmux$22297_Y [8] $procmux$22297_Y [8] $procmux$22297_Y [8] $procmux$22297_Y [8] $procmux$22297_Y [8] $procmux$22297_Y [8] $procmux$22297_Y [8] \data_rdata_i [7:0] }
    Consolidated identical input bits for $mux cell $procmux$22302:
      Old ports: A={ 16'0000000000000000 \data_rdata_i [7:0] \riscv_core.load_store_unit_i.rdata_q [31:24] }, B={ \data_rdata_i [7] \data_rdata_i [7] \data_rdata_i [7] \data_rdata_i [7] \data_rdata_i [7] \data_rdata_i [7] \data_rdata_i [7] \data_rdata_i [7] \data_rdata_i [7] \data_rdata_i [7] \data_rdata_i [7] \data_rdata_i [7] \data_rdata_i [7] \data_rdata_i [7] \data_rdata_i [7] \data_rdata_i [7] \data_rdata_i [7:0] \riscv_core.load_store_unit_i.rdata_q [31:24] }, Y=$procmux$22302_Y
      New ports: A=1'0, B=\data_rdata_i [7], Y=$procmux$22302_Y [16]
      New connections: { $procmux$22302_Y [31:17] $procmux$22302_Y [15:0] } = { $procmux$22302_Y [16] $procmux$22302_Y [16] $procmux$22302_Y [16] $procmux$22302_Y [16] $procmux$22302_Y [16] $procmux$22302_Y [16] $procmux$22302_Y [16] $procmux$22302_Y [16] $procmux$22302_Y [16] $procmux$22302_Y [16] $procmux$22302_Y [16] $procmux$22302_Y [16] $procmux$22302_Y [16] $procmux$22302_Y [16] $procmux$22302_Y [16] \data_rdata_i [7:0] \riscv_core.load_store_unit_i.rdata_q [31:24] }
    Consolidated identical input bits for $mux cell $procmux$22308:
      Old ports: A={ 16'0000000000000000 \data_rdata_i [31:16] }, B={ \data_rdata_i [31] \data_rdata_i [31] \data_rdata_i [31] \data_rdata_i [31] \data_rdata_i [31] \data_rdata_i [31] \data_rdata_i [31] \data_rdata_i [31] \data_rdata_i [31] \data_rdata_i [31] \data_rdata_i [31] \data_rdata_i [31] \data_rdata_i [31] \data_rdata_i [31] \data_rdata_i [31] \data_rdata_i [31] \data_rdata_i [31:16] }, Y=$procmux$22308_Y
      New ports: A=1'0, B=\data_rdata_i [31], Y=$procmux$22308_Y [16]
      New connections: { $procmux$22308_Y [31:17] $procmux$22308_Y [15:0] } = { $procmux$22308_Y [16] $procmux$22308_Y [16] $procmux$22308_Y [16] $procmux$22308_Y [16] $procmux$22308_Y [16] $procmux$22308_Y [16] $procmux$22308_Y [16] $procmux$22308_Y [16] $procmux$22308_Y [16] $procmux$22308_Y [16] $procmux$22308_Y [16] $procmux$22308_Y [16] $procmux$22308_Y [16] $procmux$22308_Y [16] $procmux$22308_Y [16] \data_rdata_i [31:16] }
    Consolidated identical input bits for $mux cell $procmux$22315:
      Old ports: A={ 16'0000000000000000 \data_rdata_i [23:8] }, B={ \data_rdata_i [23] \data_rdata_i [23] \data_rdata_i [23] \data_rdata_i [23] \data_rdata_i [23] \data_rdata_i [23] \data_rdata_i [23] \data_rdata_i [23] \data_rdata_i [23] \data_rdata_i [23] \data_rdata_i [23] \data_rdata_i [23] \data_rdata_i [23] \data_rdata_i [23] \data_rdata_i [23] \data_rdata_i [23] \data_rdata_i [23:8] }, Y=$procmux$22315_Y
      New ports: A=1'0, B=\data_rdata_i [23], Y=$procmux$22315_Y [16]
      New connections: { $procmux$22315_Y [31:17] $procmux$22315_Y [15:0] } = { $procmux$22315_Y [16] $procmux$22315_Y [16] $procmux$22315_Y [16] $procmux$22315_Y [16] $procmux$22315_Y [16] $procmux$22315_Y [16] $procmux$22315_Y [16] $procmux$22315_Y [16] $procmux$22315_Y [16] $procmux$22315_Y [16] $procmux$22315_Y [16] $procmux$22315_Y [16] $procmux$22315_Y [16] $procmux$22315_Y [16] $procmux$22315_Y [16] \data_rdata_i [23:8] }
    Consolidated identical input bits for $mux cell $procmux$22332:
      Old ports: A={ 16'0000000000000000 \data_rdata_i [15:0] }, B={ \data_rdata_i [15] \data_rdata_i [15] \data_rdata_i [15] \data_rdata_i [15] \data_rdata_i [15] \data_rdata_i [15] \data_rdata_i [15] \data_rdata_i [15] \data_rdata_i [15] \data_rdata_i [15] \data_rdata_i [15] \data_rdata_i [15] \data_rdata_i [15] \data_rdata_i [15] \data_rdata_i [15] \data_rdata_i [15] \data_rdata_i [15:0] }, Y=$procmux$22332_Y
      New ports: A=1'0, B=\data_rdata_i [15], Y=$procmux$22332_Y [16]
      New connections: { $procmux$22332_Y [31:17] $procmux$22332_Y [15:0] } = { $procmux$22332_Y [16] $procmux$22332_Y [16] $procmux$22332_Y [16] $procmux$22332_Y [16] $procmux$22332_Y [16] $procmux$22332_Y [16] $procmux$22332_Y [16] $procmux$22332_Y [16] $procmux$22332_Y [16] $procmux$22332_Y [16] $procmux$22332_Y [16] $procmux$22332_Y [16] $procmux$22332_Y [16] $procmux$22332_Y [16] $procmux$22332_Y [16] \data_rdata_i [15:0] }
    Consolidated identical input bits for $mux cell $procmux$22516:
      Old ports: A=5'00000, B=5'10000, Y=\riscv_core.ex_stage_i.mult_i.mulh_imm
      New ports: A=1'0, B=1'1, Y=\riscv_core.ex_stage_i.mult_i.mulh_imm [4]
      New connections: \riscv_core.ex_stage_i.mult_i.mulh_imm [3:0] = 4'0000
    Consolidated identical input bits for $mux cell $procmux$22623:
      Old ports: A=5'00000, B=5'11111, Y=$auto$wreduce.cc:514:run$55232 [4:0]
      New ports: A=1'0, B=1'1, Y=$auto$wreduce.cc:514:run$55232 [0]
      New connections: $auto$wreduce.cc:514:run$55232 [4:1] = { $auto$wreduce.cc:514:run$55232 [0] $auto$wreduce.cc:514:run$55232 [0] $auto$wreduce.cc:514:run$55232 [0] $auto$wreduce.cc:514:run$55232 [0] }
    Consolidated identical input bits for $mux cell $procmux$22657:
      Old ports: A=7'0000000, B=7'1000100, Y=$auto$wreduce.cc:514:run$55218 [6:0]
      New ports: A=1'0, B=1'1, Y=$auto$wreduce.cc:514:run$55218 [2]
      New connections: { $auto$wreduce.cc:514:run$55218 [6:3] $auto$wreduce.cc:514:run$55218 [1:0] } = { $auto$wreduce.cc:514:run$55218 [2] 5'00000 }
    Consolidated identical input bits for $pmux cell $procmux$22666:
      Old ports: A=8'00000000, B={ \riscv_core.id_stage_i.imm_vec_ext_ex_o \riscv_core.id_stage_i.imm_vec_ext_ex_o \riscv_core.id_stage_i.imm_vec_ext_ex_o \riscv_core.id_stage_i.imm_vec_ext_ex_o \riscv_core.id_stage_i.imm_vec_ext_ex_o [0] 1'1 \riscv_core.id_stage_i.imm_vec_ext_ex_o [0] 1'1 \riscv_core.id_stage_i.imm_vec_ext_ex_o [0] 1'1 \riscv_core.id_stage_i.imm_vec_ext_ex_o [0] 1'0 }, Y=$procmux$22666_Y
      New ports: A=3'000, B={ \riscv_core.id_stage_i.imm_vec_ext_ex_o [0] \riscv_core.id_stage_i.imm_vec_ext_ex_o 1'1 \riscv_core.id_stage_i.imm_vec_ext_ex_o [0] 1'0 }, Y=$procmux$22666_Y [2:0]
      New connections: $procmux$22666_Y [7:3] = { $procmux$22666_Y [1] $procmux$22666_Y [2:1] $procmux$22666_Y [2:1] }
    Consolidated identical input bits for $mux cell $procmux$22721:
      Old ports: A=2'11, B=2'01, Y=$auto$wreduce.cc:514:run$55212 [1:0]
      New ports: A=1'1, B=1'0, Y=$auto$wreduce.cc:514:run$55212 [1]
      New connections: $auto$wreduce.cc:514:run$55212 [0] = 1'1
    Consolidated identical input bits for $mux cell $procmux$22730:
      Old ports: A=4'1111, B=4'0011, Y=$procmux$22730_Y
      New ports: A=1'1, B=1'0, Y=$procmux$22730_Y [2]
      New connections: { $procmux$22730_Y [3] $procmux$22730_Y [1:0] } = { $procmux$22730_Y [2] 2'11 }
    Consolidated identical input bits for $mux cell $procmux$22740:
      Old ports: A=2'00, B=2'10, Y=$auto$wreduce.cc:514:run$55211 [1:0]
      New ports: A=1'0, B=1'1, Y=$auto$wreduce.cc:514:run$55211 [1]
      New connections: $auto$wreduce.cc:514:run$55211 [0] = 1'0
    Consolidated identical input bits for $mux cell $procmux$22749:
      Old ports: A=2'01, B=2'11, Y=$procmux$22749_Y
      New ports: A=1'0, B=1'1, Y=$procmux$22749_Y [1]
      New connections: $procmux$22749_Y [0] = 1'1
    Consolidated identical input bits for $pmux cell $procmux$22802:
      Old ports: A=3'000, B=6'111010, Y=$auto$wreduce.cc:514:run$55206 [2:0]
      New ports: A=2'00, B=4'1110, Y=$auto$wreduce.cc:514:run$55206 [1:0]
      New connections: $auto$wreduce.cc:514:run$55206 [2] = $auto$wreduce.cc:514:run$55206 [0]
    Consolidated identical input bits for $mux cell $procmux$24587:
      Old ports: A=2'00, B=2'10, Y=$procmux$24587_Y
      New ports: A=1'0, B=1'1, Y=$procmux$24587_Y [1]
      New connections: $procmux$24587_Y [0] = 1'0
    Consolidated identical input bits for $mux cell $procmux$24592:
      Old ports: A=2'00, B=2'10, Y=$procmux$24592_Y
      New ports: A=1'0, B=1'1, Y=$procmux$24592_Y [1]
      New connections: $procmux$24592_Y [0] = 1'0
    Consolidated identical input bits for $mux cell $procmux$24596:
      Old ports: A=2'00, B=2'10, Y=$procmux$24596_Y
      New ports: A=1'0, B=1'1, Y=$procmux$24596_Y [1]
      New connections: $procmux$24596_Y [0] = 1'0
    Consolidated identical input bits for $mux cell $procmux$24628:
      Old ports: A=4'0011, B=4'1101, Y=$auto$wreduce.cc:514:run$55191 [3:0]
      New ports: A=2'01, B=2'10, Y=$auto$wreduce.cc:514:run$55191 [2:1]
      New connections: { $auto$wreduce.cc:514:run$55191 [3] $auto$wreduce.cc:514:run$55191 [0] } = { $auto$wreduce.cc:514:run$55191 [2] 1'1 }
    Consolidated identical input bits for $mux cell $procmux$24639:
      Old ports: A={ 1'0 $auto$wreduce.cc:514:run$55197 [3:0] }, B={ 1'0 $auto$wreduce.cc:514:run$55191 [3:0] }, Y=$procmux$24639_Y
      New ports: A=$auto$wreduce.cc:514:run$55197 [3:0], B=$auto$wreduce.cc:514:run$55191 [3:0], Y=$procmux$24639_Y [3:0]
      New connections: $procmux$24639_Y [4] = 1'0
    Consolidated identical input bits for $mux cell $procmux$24646:
      Old ports: A=4'0101, B=4'1100, Y=$auto$wreduce.cc:514:run$55197 [3:0]
      New ports: A=2'01, B=2'10, Y={ $auto$wreduce.cc:514:run$55197 [3] $auto$wreduce.cc:514:run$55197 [0] }
      New connections: $auto$wreduce.cc:514:run$55197 [2:1] = 2'10
    Consolidated identical input bits for $pmux cell $procmux$24702:
      Old ports: A=4'0000, B={ 2'10 $2997y 4'0010 }, Y=$auto$wreduce.cc:514:run$55214 [3:0]
      New ports: A=3'000, B={ 1'1 $2997y 3'010 }, Y={ $auto$wreduce.cc:514:run$55214 [3] $auto$wreduce.cc:514:run$55214 [1:0] }
      New connections: $auto$wreduce.cc:514:run$55214 [2] = 1'0
    Consolidated identical input bits for $pmux cell $procmux$24723:
      Old ports: A=4'0000, B=12'101100100011, Y=$auto$wreduce.cc:514:run$55221 [3:0]
      New ports: A=3'000, B=9'111010011, Y={ $auto$wreduce.cc:514:run$55221 [3] $auto$wreduce.cc:514:run$55221 [1:0] }
      New connections: $auto$wreduce.cc:514:run$55221 [2] = 1'0
    Consolidated identical input bits for $pmux cell $procmux$24757:
      Old ports: A=3'000, B=6'100101, Y=$procmux$24757_Y
      New ports: A=2'00, B=4'1011, Y={ $procmux$24757_Y [2] $procmux$24757_Y [0] }
      New connections: $procmux$24757_Y [1] = 1'0
    Consolidated identical input bits for $mux cell $procmux$24796:
      Old ports: A=3'001, B=3'110, Y=$auto$wreduce.cc:514:run$55122 [2:0]
      New ports: A=2'01, B=2'10, Y=$auto$wreduce.cc:514:run$55122 [1:0]
      New connections: $auto$wreduce.cc:514:run$55122 [2] = $auto$wreduce.cc:514:run$55122 [1]
    Consolidated identical input bits for $mux cell $procmux$24911:
      Old ports: A=3'000, B=3'111, Y=$procmux$24863_Y
      New ports: A=1'0, B=1'1, Y=$procmux$24863_Y [0]
      New connections: $procmux$24863_Y [2:1] = { $procmux$24863_Y [0] $procmux$24863_Y [0] }
    Consolidated identical input bits for $mux cell $procmux$24939:
      Old ports: A=2'00, B=2'11, Y=$auto$wreduce.cc:514:run$55131 [1:0]
      New ports: A=1'0, B=1'1, Y=$auto$wreduce.cc:514:run$55131 [0]
      New connections: $auto$wreduce.cc:514:run$55131 [1] = $auto$wreduce.cc:514:run$55131 [0]
    Consolidated identical input bits for $mux cell $procmux$24996:
      Old ports: A=5'01100, B=5'10000, Y=$procmux$24996_Y
      New ports: A=2'01, B=2'10, Y={ $procmux$24996_Y [4] $procmux$24996_Y [2] }
      New connections: { $procmux$24996_Y [3] $procmux$24996_Y [1:0] } = { $procmux$24996_Y [2] 2'00 }
    Consolidated identical input bits for $mux cell $procmux$25328:
      Old ports: A=2'00, B=2'10, Y=$auto$wreduce.cc:514:run$55132 [1:0]
      New ports: A=1'0, B=1'1, Y=$auto$wreduce.cc:514:run$55132 [1]
      New connections: $auto$wreduce.cc:514:run$55132 [0] = 1'0
    Consolidated identical input bits for $mux cell $procmux$26615:
      Old ports: A=2'00, B=2'10, Y=$auto$wreduce.cc:514:run$55166 [1:0]
      New ports: A=1'0, B=1'1, Y=$auto$wreduce.cc:514:run$55166 [1]
      New connections: $auto$wreduce.cc:514:run$55166 [0] = 1'0
    Consolidated identical input bits for $mux cell $procmux$26776:
      Old ports: A=2'10, B=2'00, Y=$auto$wreduce.cc:514:run$55170 [1:0]
      New ports: A=1'1, B=1'0, Y=$auto$wreduce.cc:514:run$55170 [1]
      New connections: $auto$wreduce.cc:514:run$55170 [0] = 1'0
    Consolidated identical input bits for $mux cell $procmux$26897:
      Old ports: A=2'11, B=2'01, Y=$procmux$26897_Y
      New ports: A=1'1, B=1'0, Y=$procmux$26897_Y [1]
      New connections: $procmux$26897_Y [0] = 1'1
    Consolidated identical input bits for $pmux cell $procmux$26912:
      Old ports: A=4'0110, B=8'10000111, Y=$procmux$26912_Y
      New ports: A=3'010, B=6'100011, Y={ $procmux$26912_Y [3] $procmux$26912_Y [1:0] }
      New connections: $procmux$26912_Y [2] = $procmux$26912_Y [1]
    Consolidated identical input bits for $mux cell $procmux$26976:
      Old ports: A={ 1'0 $auto$wreduce.cc:514:run$55227 [1:0] }, B=3'001, Y=$procmux$26976_Y
      New ports: A=$auto$wreduce.cc:514:run$55227 [1:0], B=2'01, Y=$procmux$26976_Y [1:0]
      New connections: $procmux$26976_Y [2] = 1'0
    Consolidated identical input bits for $mux cell $procmux$27208:
      Old ports: A=2'00, B=2'10, Y=$auto$wreduce.cc:514:run$55229 [1:0]
      New ports: A=1'0, B=1'1, Y=$auto$wreduce.cc:514:run$55229 [1]
      New connections: $auto$wreduce.cc:514:run$55229 [0] = 1'0
    Consolidated identical input bits for $mux cell $procmux$27335:
      Old ports: A=2'11, B=2'01, Y=$procmux$27266_Y
      New ports: A=1'1, B=1'0, Y=$procmux$27266_Y [1]
      New connections: $procmux$27266_Y [0] = 1'1
    Consolidated identical input bits for $mux cell $procmux$27347:
      Old ports: A=2'00, B=2'11, Y=$auto$wreduce.cc:514:run$55220 [1:0]
      New ports: A=1'0, B=1'1, Y=$auto$wreduce.cc:514:run$55220 [0]
      New connections: $auto$wreduce.cc:514:run$55220 [1] = $auto$wreduce.cc:514:run$55220 [0]
    Consolidated identical input bits for $mux cell $procmux$27359:
      Old ports: A=3'000, B=3'100, Y=$procmux$27288_Y
      New ports: A=1'0, B=1'1, Y=$procmux$27288_Y [2]
      New connections: $procmux$27288_Y [1:0] = 2'00
    Consolidated identical input bits for $mux cell $procmux$27452:
      Old ports: A=2'00, B={ \riscv_core.if_stage_i.instr_rdata_id_o [31] \riscv_core.if_stage_i.instr_rdata_id_o [31] }, Y=$procmux$27452_Y
      New ports: A=1'0, B=\riscv_core.if_stage_i.instr_rdata_id_o [31], Y=$procmux$27452_Y [0]
      New connections: $procmux$27452_Y [1] = $procmux$27452_Y [0]
    Consolidated identical input bits for $mux cell $procmux$27876:
      Old ports: A=4'0000, B=4'1001, Y=$procmux$27876_Y
      New ports: A=1'0, B=1'1, Y=$procmux$27876_Y [0]
      New connections: $procmux$27876_Y [3:1] = { $procmux$27876_Y [0] 2'00 }
    Consolidated identical input bits for $mux cell $procmux$27977:
      Old ports: A=2'00, B=2'11, Y=$auto$wreduce.cc:514:run$55209 [1:0]
      New ports: A=1'0, B=1'1, Y=$auto$wreduce.cc:514:run$55209 [0]
      New connections: $auto$wreduce.cc:514:run$55209 [1] = $auto$wreduce.cc:514:run$55209 [0]
    Consolidated identical input bits for $mux cell $procmux$28358:
      Old ports: A={ 1'0 $auto$wreduce.cc:514:run$55208 [5:0] }, B={ 1'0 $auto$wreduce.cc:514:run$55202 [5:0] }, Y=$procmux$28358_Y
      New ports: A=$auto$wreduce.cc:514:run$55208 [5:0], B=$auto$wreduce.cc:514:run$55202 [5:0], Y=$procmux$28358_Y [5:0]
      New connections: $procmux$28358_Y [6] = 1'0
    Consolidated identical input bits for $mux cell $procmux$28743:
      Old ports: A=3'100, B=3'010, Y=$procmux$28570_Y
      New ports: A=2'10, B=2'01, Y=$procmux$28570_Y [2:1]
      New connections: $procmux$28570_Y [0] = 1'0
    Consolidated identical input bits for $mux cell $procmux$28820:
      Old ports: A=2'11, B=2'01, Y=$procmux$28820_Y
      New ports: A=1'1, B=1'0, Y=$procmux$28820_Y [1]
      New connections: $procmux$28820_Y [0] = 1'1
    Consolidated identical input bits for $mux cell $procmux$28843:
      Old ports: A=3'000, B=3'100, Y=$auto$wreduce.cc:514:run$55204 [2:0]
      New ports: A=1'0, B=1'1, Y=$auto$wreduce.cc:514:run$55204 [2]
      New connections: $auto$wreduce.cc:514:run$55204 [1:0] = 2'00
    Consolidated identical input bits for $pmux cell $procmux$28895:
      Old ports: A=6'000011, B=30'101000101001101010101011101100, Y=$auto$wreduce.cc:514:run$55202 [5:0]
      New ports: A=4'0011, B=20'10001001101010111100, Y=$auto$wreduce.cc:514:run$55202 [3:0]
      New connections: $auto$wreduce.cc:514:run$55202 [5:4] = { $auto$wreduce.cc:514:run$55202 [3] 1'0 }
    Consolidated identical input bits for $mux cell $procmux$28981:
      Old ports: A=2'00, B=2'10, Y=$procmux$28981_Y
      New ports: A=1'0, B=1'1, Y=$procmux$28981_Y [1]
      New connections: $procmux$28981_Y [0] = 1'0
    Consolidated identical input bits for $mux cell $procmux$29277:
      Old ports: A=6'000011, B=6'100100, Y=$auto$wreduce.cc:514:run$55200 [5:0]
      New ports: A=2'01, B=2'10, Y={ $auto$wreduce.cc:514:run$55200 [2] $auto$wreduce.cc:514:run$55200 [0] }
      New connections: { $auto$wreduce.cc:514:run$55200 [5:3] $auto$wreduce.cc:514:run$55200 [1] } = { $auto$wreduce.cc:514:run$55200 [2] 2'00 $auto$wreduce.cc:514:run$55200 [0] }
    Consolidated identical input bits for $mux cell $procmux$29571:
      Old ports: A=2'10, B=2'00, Y=$auto$wreduce.cc:514:run$55196 [1:0]
      New ports: A=1'1, B=1'0, Y=$auto$wreduce.cc:514:run$55196 [1]
      New connections: $auto$wreduce.cc:514:run$55196 [0] = 1'0
    Consolidated identical input bits for $mux cell $procmux$2974:
      Old ports: A=4'1100, B=4'0111, Y=$adbg_tap_top.next_TAP_state$23394
      New ports: A=2'10, B=2'01, Y={ $adbg_tap_top.next_TAP_state$23394 [3] $adbg_tap_top.next_TAP_state$23394 [0] }
      New connections: $adbg_tap_top.next_TAP_state$23394 [2:1] = { 1'1 $adbg_tap_top.next_TAP_state$23394 [0] }
    Consolidated identical input bits for $mux cell $procmux$2980:
      Old ports: A=3'010, B=3'101, Y=$adbg_tap_top.next_TAP_state$23393
      New ports: A=2'10, B=2'01, Y=$adbg_tap_top.next_TAP_state$23393 [1:0]
      New connections: $adbg_tap_top.next_TAP_state$23393 [2] = $adbg_tap_top.next_TAP_state$23393 [0]
    Consolidated identical input bits for $mux cell $procmux$29843:
      Old ports: A=2'11, B=2'01, Y=$procmux$29843_Y
      New ports: A=1'1, B=1'0, Y=$procmux$29843_Y [1]
      New connections: $procmux$29843_Y [0] = 1'1
    Consolidated identical input bits for $mux cell $procmux$2987:
      Old ports: A=2'11, B=2'00, Y=$adbg_tap_top.next_TAP_state$23392
      New ports: A=1'1, B=1'0, Y=$adbg_tap_top.next_TAP_state$23392 [0]
      New connections: $adbg_tap_top.next_TAP_state$23392 [1] = $adbg_tap_top.next_TAP_state$23392 [0]
    Consolidated identical input bits for $mux cell $procmux$2995:
      Old ports: A=3'011, B=3'101, Y=$adbg_tap_top.next_TAP_state$23391
      New ports: A=2'01, B=2'10, Y=$adbg_tap_top.next_TAP_state$23391 [2:1]
      New connections: $adbg_tap_top.next_TAP_state$23391 [0] = 1'1
    Consolidated identical input bits for $mux cell $procmux$30003:
      Old ports: A=4'0000, B=4'1011, Y=$procmux$30003_Y
      New ports: A=1'0, B=1'1, Y=$procmux$30003_Y [0]
      New connections: $procmux$30003_Y [3:1] = { $procmux$30003_Y [0] 1'0 $procmux$30003_Y [0] }
    Consolidated identical input bits for $mux cell $procmux$30026:
      Old ports: A=2'00, B=2'10, Y=$auto$wreduce.cc:514:run$55189 [1:0]
      New ports: A=1'0, B=1'1, Y=$auto$wreduce.cc:514:run$55189 [1]
      New connections: $auto$wreduce.cc:514:run$55189 [0] = 1'0
    Consolidated identical input bits for $mux cell $procmux$30073:
      Old ports: A=2'10, B=2'00, Y=$procmux$30073_Y
      New ports: A=1'1, B=1'0, Y=$procmux$30073_Y [1]
      New connections: $procmux$30073_Y [0] = 1'0
    Consolidated identical input bits for $mux cell $procmux$30738:
      Old ports: A=0, B=32'11111111111111111111111111111111, Y=$1522 [63:32]
      New ports: A=1'0, B=1'1, Y=$1522 [32]
      New connections: $1522 [63:33] = { $1522 [32] $1522 [32] $1522 [32] $1522 [32] $1522 [32] $1522 [32] $1522 [32] $1522 [32] $1522 [32] $1522 [32] $1522 [32] $1522 [32] $1522 [32] $1522 [32] $1522 [32] $1522 [32] $1522 [32] $1522 [32] $1522 [32] $1522 [32] $1522 [32] $1522 [32] $1522 [32] $1522 [32] $1522 [32] $1522 [32] $1522 [32] $1522 [32] $1522 [32] $1522 [32] $1522 [32] }
    Consolidated identical input bits for $mux cell $procmux$30740:
      Old ports: A=0, B=32'11111111111111111111111111111111, Y=$1522 [31:0]
      New ports: A=1'0, B=1'1, Y=$1522 [0]
      New connections: $1522 [31:1] = { $1522 [0] $1522 [0] $1522 [0] $1522 [0] $1522 [0] $1522 [0] $1522 [0] $1522 [0] $1522 [0] $1522 [0] $1522 [0] $1522 [0] $1522 [0] $1522 [0] $1522 [0] $1522 [0] $1522 [0] $1522 [0] $1522 [0] $1522 [0] $1522 [0] $1522 [0] $1522 [0] $1522 [0] $1522 [0] $1522 [0] $1522 [0] $1522 [0] $1522 [0] $1522 [0] $1522 [0] }
    Consolidated identical input bits for $mux cell $procmux$30744:
      Old ports: A=0, B=32'11111111111111111111111111111111, Y=$1522 [95:64]
      New ports: A=1'0, B=1'1, Y=$1522 [64]
      New connections: $1522 [95:65] = { $1522 [64] $1522 [64] $1522 [64] $1522 [64] $1522 [64] $1522 [64] $1522 [64] $1522 [64] $1522 [64] $1522 [64] $1522 [64] $1522 [64] $1522 [64] $1522 [64] $1522 [64] $1522 [64] $1522 [64] $1522 [64] $1522 [64] $1522 [64] $1522 [64] $1522 [64] $1522 [64] $1522 [64] $1522 [64] $1522 [64] $1522 [64] $1522 [64] $1522 [64] $1522 [64] $1522 [64] }
    Consolidated identical input bits for $mux cell $procmux$30751:
      Old ports: A=0, B=32'11111111111111111111111111111111, Y=$1522 [127:96]
      New ports: A=1'0, B=1'1, Y=$1522 [96]
      New connections: $1522 [127:97] = { $1522 [96] $1522 [96] $1522 [96] $1522 [96] $1522 [96] $1522 [96] $1522 [96] $1522 [96] $1522 [96] $1522 [96] $1522 [96] $1522 [96] $1522 [96] $1522 [96] $1522 [96] $1522 [96] $1522 [96] $1522 [96] $1522 [96] $1522 [96] $1522 [96] $1522 [96] $1522 [96] $1522 [96] $1522 [96] $1522 [96] $1522 [96] $1522 [96] $1522 [96] $1522 [96] $1522 [96] }
    Consolidated identical input bits for $mux cell $procmux$30758:
      Old ports: A=0, B=32'11111111111111111111111111111111, Y=$1522 [159:128]
      New ports: A=1'0, B=1'1, Y=$1522 [128]
      New connections: $1522 [159:129] = { $1522 [128] $1522 [128] $1522 [128] $1522 [128] $1522 [128] $1522 [128] $1522 [128] $1522 [128] $1522 [128] $1522 [128] $1522 [128] $1522 [128] $1522 [128] $1522 [128] $1522 [128] $1522 [128] $1522 [128] $1522 [128] $1522 [128] $1522 [128] $1522 [128] $1522 [128] $1522 [128] $1522 [128] $1522 [128] $1522 [128] $1522 [128] $1522 [128] $1522 [128] $1522 [128] $1522 [128] }
    Consolidated identical input bits for $mux cell $procmux$30765:
      Old ports: A=0, B=32'11111111111111111111111111111111, Y=$1522 [191:160]
      New ports: A=1'0, B=1'1, Y=$1522 [160]
      New connections: $1522 [191:161] = { $1522 [160] $1522 [160] $1522 [160] $1522 [160] $1522 [160] $1522 [160] $1522 [160] $1522 [160] $1522 [160] $1522 [160] $1522 [160] $1522 [160] $1522 [160] $1522 [160] $1522 [160] $1522 [160] $1522 [160] $1522 [160] $1522 [160] $1522 [160] $1522 [160] $1522 [160] $1522 [160] $1522 [160] $1522 [160] $1522 [160] $1522 [160] $1522 [160] $1522 [160] $1522 [160] $1522 [160] }
    Consolidated identical input bits for $mux cell $procmux$30772:
      Old ports: A=0, B=32'11111111111111111111111111111111, Y=$1522 [223:192]
      New ports: A=1'0, B=1'1, Y=$1522 [192]
      New connections: $1522 [223:193] = { $1522 [192] $1522 [192] $1522 [192] $1522 [192] $1522 [192] $1522 [192] $1522 [192] $1522 [192] $1522 [192] $1522 [192] $1522 [192] $1522 [192] $1522 [192] $1522 [192] $1522 [192] $1522 [192] $1522 [192] $1522 [192] $1522 [192] $1522 [192] $1522 [192] $1522 [192] $1522 [192] $1522 [192] $1522 [192] $1522 [192] $1522 [192] $1522 [192] $1522 [192] $1522 [192] $1522 [192] }
    Consolidated identical input bits for $mux cell $procmux$30779:
      Old ports: A=0, B=32'11111111111111111111111111111111, Y=$1522 [255:224]
      New ports: A=1'0, B=1'1, Y=$1522 [224]
      New connections: $1522 [255:225] = { $1522 [224] $1522 [224] $1522 [224] $1522 [224] $1522 [224] $1522 [224] $1522 [224] $1522 [224] $1522 [224] $1522 [224] $1522 [224] $1522 [224] $1522 [224] $1522 [224] $1522 [224] $1522 [224] $1522 [224] $1522 [224] $1522 [224] $1522 [224] $1522 [224] $1522 [224] $1522 [224] $1522 [224] $1522 [224] $1522 [224] $1522 [224] $1522 [224] $1522 [224] $1522 [224] $1522 [224] }
    Consolidated identical input bits for $mux cell $procmux$30786:
      Old ports: A=0, B=32'11111111111111111111111111111111, Y=$1522 [287:256]
      New ports: A=1'0, B=1'1, Y=$1522 [256]
      New connections: $1522 [287:257] = { $1522 [256] $1522 [256] $1522 [256] $1522 [256] $1522 [256] $1522 [256] $1522 [256] $1522 [256] $1522 [256] $1522 [256] $1522 [256] $1522 [256] $1522 [256] $1522 [256] $1522 [256] $1522 [256] $1522 [256] $1522 [256] $1522 [256] $1522 [256] $1522 [256] $1522 [256] $1522 [256] $1522 [256] $1522 [256] $1522 [256] $1522 [256] $1522 [256] $1522 [256] $1522 [256] $1522 [256] }
    Consolidated identical input bits for $mux cell $procmux$30793:
      Old ports: A=0, B=32'11111111111111111111111111111111, Y=$1522 [319:288]
      New ports: A=1'0, B=1'1, Y=$1522 [288]
      New connections: $1522 [319:289] = { $1522 [288] $1522 [288] $1522 [288] $1522 [288] $1522 [288] $1522 [288] $1522 [288] $1522 [288] $1522 [288] $1522 [288] $1522 [288] $1522 [288] $1522 [288] $1522 [288] $1522 [288] $1522 [288] $1522 [288] $1522 [288] $1522 [288] $1522 [288] $1522 [288] $1522 [288] $1522 [288] $1522 [288] $1522 [288] $1522 [288] $1522 [288] $1522 [288] $1522 [288] $1522 [288] $1522 [288] }
    Consolidated identical input bits for $mux cell $procmux$30800:
      Old ports: A=0, B=32'11111111111111111111111111111111, Y=$1522 [351:320]
      New ports: A=1'0, B=1'1, Y=$1522 [320]
      New connections: $1522 [351:321] = { $1522 [320] $1522 [320] $1522 [320] $1522 [320] $1522 [320] $1522 [320] $1522 [320] $1522 [320] $1522 [320] $1522 [320] $1522 [320] $1522 [320] $1522 [320] $1522 [320] $1522 [320] $1522 [320] $1522 [320] $1522 [320] $1522 [320] $1522 [320] $1522 [320] $1522 [320] $1522 [320] $1522 [320] $1522 [320] $1522 [320] $1522 [320] $1522 [320] $1522 [320] $1522 [320] $1522 [320] }
    Consolidated identical input bits for $mux cell $procmux$30807:
      Old ports: A=0, B=32'11111111111111111111111111111111, Y=$1522 [383:352]
      New ports: A=1'0, B=1'1, Y=$1522 [352]
      New connections: $1522 [383:353] = { $1522 [352] $1522 [352] $1522 [352] $1522 [352] $1522 [352] $1522 [352] $1522 [352] $1522 [352] $1522 [352] $1522 [352] $1522 [352] $1522 [352] $1522 [352] $1522 [352] $1522 [352] $1522 [352] $1522 [352] $1522 [352] $1522 [352] $1522 [352] $1522 [352] $1522 [352] $1522 [352] $1522 [352] $1522 [352] $1522 [352] $1522 [352] $1522 [352] $1522 [352] $1522 [352] $1522 [352] }
    Consolidated identical input bits for $mux cell $procmux$30814:
      Old ports: A=0, B=32'11111111111111111111111111111111, Y=$1522 [415:384]
      New ports: A=1'0, B=1'1, Y=$1522 [384]
      New connections: $1522 [415:385] = { $1522 [384] $1522 [384] $1522 [384] $1522 [384] $1522 [384] $1522 [384] $1522 [384] $1522 [384] $1522 [384] $1522 [384] $1522 [384] $1522 [384] $1522 [384] $1522 [384] $1522 [384] $1522 [384] $1522 [384] $1522 [384] $1522 [384] $1522 [384] $1522 [384] $1522 [384] $1522 [384] $1522 [384] $1522 [384] $1522 [384] $1522 [384] $1522 [384] $1522 [384] $1522 [384] $1522 [384] }
    Consolidated identical input bits for $mux cell $procmux$30821:
      Old ports: A=0, B=32'11111111111111111111111111111111, Y=$1522 [447:416]
      New ports: A=1'0, B=1'1, Y=$1522 [416]
      New connections: $1522 [447:417] = { $1522 [416] $1522 [416] $1522 [416] $1522 [416] $1522 [416] $1522 [416] $1522 [416] $1522 [416] $1522 [416] $1522 [416] $1522 [416] $1522 [416] $1522 [416] $1522 [416] $1522 [416] $1522 [416] $1522 [416] $1522 [416] $1522 [416] $1522 [416] $1522 [416] $1522 [416] $1522 [416] $1522 [416] $1522 [416] $1522 [416] $1522 [416] $1522 [416] $1522 [416] $1522 [416] $1522 [416] }
    Consolidated identical input bits for $mux cell $procmux$30828:
      Old ports: A=0, B=32'11111111111111111111111111111111, Y=$1522 [479:448]
      New ports: A=1'0, B=1'1, Y=$1522 [448]
      New connections: $1522 [479:449] = { $1522 [448] $1522 [448] $1522 [448] $1522 [448] $1522 [448] $1522 [448] $1522 [448] $1522 [448] $1522 [448] $1522 [448] $1522 [448] $1522 [448] $1522 [448] $1522 [448] $1522 [448] $1522 [448] $1522 [448] $1522 [448] $1522 [448] $1522 [448] $1522 [448] $1522 [448] $1522 [448] $1522 [448] $1522 [448] $1522 [448] $1522 [448] $1522 [448] $1522 [448] $1522 [448] $1522 [448] }
    Consolidated identical input bits for $mux cell $procmux$30835:
      Old ports: A=0, B=32'11111111111111111111111111111111, Y=$1522 [511:480]
      New ports: A=1'0, B=1'1, Y=$1522 [480]
      New connections: $1522 [511:481] = { $1522 [480] $1522 [480] $1522 [480] $1522 [480] $1522 [480] $1522 [480] $1522 [480] $1522 [480] $1522 [480] $1522 [480] $1522 [480] $1522 [480] $1522 [480] $1522 [480] $1522 [480] $1522 [480] $1522 [480] $1522 [480] $1522 [480] $1522 [480] $1522 [480] $1522 [480] $1522 [480] $1522 [480] $1522 [480] $1522 [480] $1522 [480] $1522 [480] $1522 [480] $1522 [480] $1522 [480] }
    Consolidated identical input bits for $mux cell $procmux$30842:
      Old ports: A=0, B=32'11111111111111111111111111111111, Y=$1522 [543:512]
      New ports: A=1'0, B=1'1, Y=$1522 [512]
      New connections: $1522 [543:513] = { $1522 [512] $1522 [512] $1522 [512] $1522 [512] $1522 [512] $1522 [512] $1522 [512] $1522 [512] $1522 [512] $1522 [512] $1522 [512] $1522 [512] $1522 [512] $1522 [512] $1522 [512] $1522 [512] $1522 [512] $1522 [512] $1522 [512] $1522 [512] $1522 [512] $1522 [512] $1522 [512] $1522 [512] $1522 [512] $1522 [512] $1522 [512] $1522 [512] $1522 [512] $1522 [512] $1522 [512] }
    Consolidated identical input bits for $mux cell $procmux$30849:
      Old ports: A=0, B=32'11111111111111111111111111111111, Y=$1522 [575:544]
      New ports: A=1'0, B=1'1, Y=$1522 [544]
      New connections: $1522 [575:545] = { $1522 [544] $1522 [544] $1522 [544] $1522 [544] $1522 [544] $1522 [544] $1522 [544] $1522 [544] $1522 [544] $1522 [544] $1522 [544] $1522 [544] $1522 [544] $1522 [544] $1522 [544] $1522 [544] $1522 [544] $1522 [544] $1522 [544] $1522 [544] $1522 [544] $1522 [544] $1522 [544] $1522 [544] $1522 [544] $1522 [544] $1522 [544] $1522 [544] $1522 [544] $1522 [544] $1522 [544] }
    Consolidated identical input bits for $mux cell $procmux$30856:
      Old ports: A=0, B=32'11111111111111111111111111111111, Y=$1522 [607:576]
      New ports: A=1'0, B=1'1, Y=$1522 [576]
      New connections: $1522 [607:577] = { $1522 [576] $1522 [576] $1522 [576] $1522 [576] $1522 [576] $1522 [576] $1522 [576] $1522 [576] $1522 [576] $1522 [576] $1522 [576] $1522 [576] $1522 [576] $1522 [576] $1522 [576] $1522 [576] $1522 [576] $1522 [576] $1522 [576] $1522 [576] $1522 [576] $1522 [576] $1522 [576] $1522 [576] $1522 [576] $1522 [576] $1522 [576] $1522 [576] $1522 [576] $1522 [576] $1522 [576] }
    Consolidated identical input bits for $mux cell $procmux$30863:
      Old ports: A=0, B=32'11111111111111111111111111111111, Y=$1522 [639:608]
      New ports: A=1'0, B=1'1, Y=$1522 [608]
      New connections: $1522 [639:609] = { $1522 [608] $1522 [608] $1522 [608] $1522 [608] $1522 [608] $1522 [608] $1522 [608] $1522 [608] $1522 [608] $1522 [608] $1522 [608] $1522 [608] $1522 [608] $1522 [608] $1522 [608] $1522 [608] $1522 [608] $1522 [608] $1522 [608] $1522 [608] $1522 [608] $1522 [608] $1522 [608] $1522 [608] $1522 [608] $1522 [608] $1522 [608] $1522 [608] $1522 [608] $1522 [608] $1522 [608] }
    Consolidated identical input bits for $mux cell $procmux$30870:
      Old ports: A=0, B=32'11111111111111111111111111111111, Y=$1522 [671:640]
      New ports: A=1'0, B=1'1, Y=$1522 [640]
      New connections: $1522 [671:641] = { $1522 [640] $1522 [640] $1522 [640] $1522 [640] $1522 [640] $1522 [640] $1522 [640] $1522 [640] $1522 [640] $1522 [640] $1522 [640] $1522 [640] $1522 [640] $1522 [640] $1522 [640] $1522 [640] $1522 [640] $1522 [640] $1522 [640] $1522 [640] $1522 [640] $1522 [640] $1522 [640] $1522 [640] $1522 [640] $1522 [640] $1522 [640] $1522 [640] $1522 [640] $1522 [640] $1522 [640] }
    Consolidated identical input bits for $mux cell $procmux$30877:
      Old ports: A=0, B=32'11111111111111111111111111111111, Y=$1522 [703:672]
      New ports: A=1'0, B=1'1, Y=$1522 [672]
      New connections: $1522 [703:673] = { $1522 [672] $1522 [672] $1522 [672] $1522 [672] $1522 [672] $1522 [672] $1522 [672] $1522 [672] $1522 [672] $1522 [672] $1522 [672] $1522 [672] $1522 [672] $1522 [672] $1522 [672] $1522 [672] $1522 [672] $1522 [672] $1522 [672] $1522 [672] $1522 [672] $1522 [672] $1522 [672] $1522 [672] $1522 [672] $1522 [672] $1522 [672] $1522 [672] $1522 [672] $1522 [672] $1522 [672] }
    Consolidated identical input bits for $mux cell $procmux$30884:
      Old ports: A=0, B=32'11111111111111111111111111111111, Y=$1522 [735:704]
      New ports: A=1'0, B=1'1, Y=$1522 [704]
      New connections: $1522 [735:705] = { $1522 [704] $1522 [704] $1522 [704] $1522 [704] $1522 [704] $1522 [704] $1522 [704] $1522 [704] $1522 [704] $1522 [704] $1522 [704] $1522 [704] $1522 [704] $1522 [704] $1522 [704] $1522 [704] $1522 [704] $1522 [704] $1522 [704] $1522 [704] $1522 [704] $1522 [704] $1522 [704] $1522 [704] $1522 [704] $1522 [704] $1522 [704] $1522 [704] $1522 [704] $1522 [704] $1522 [704] }
    Consolidated identical input bits for $mux cell $procmux$30891:
      Old ports: A=0, B=32'11111111111111111111111111111111, Y=$1522 [767:736]
      New ports: A=1'0, B=1'1, Y=$1522 [736]
      New connections: $1522 [767:737] = { $1522 [736] $1522 [736] $1522 [736] $1522 [736] $1522 [736] $1522 [736] $1522 [736] $1522 [736] $1522 [736] $1522 [736] $1522 [736] $1522 [736] $1522 [736] $1522 [736] $1522 [736] $1522 [736] $1522 [736] $1522 [736] $1522 [736] $1522 [736] $1522 [736] $1522 [736] $1522 [736] $1522 [736] $1522 [736] $1522 [736] $1522 [736] $1522 [736] $1522 [736] $1522 [736] $1522 [736] }
    Consolidated identical input bits for $mux cell $procmux$30898:
      Old ports: A=0, B=32'11111111111111111111111111111111, Y=$1522 [799:768]
      New ports: A=1'0, B=1'1, Y=$1522 [768]
      New connections: $1522 [799:769] = { $1522 [768] $1522 [768] $1522 [768] $1522 [768] $1522 [768] $1522 [768] $1522 [768] $1522 [768] $1522 [768] $1522 [768] $1522 [768] $1522 [768] $1522 [768] $1522 [768] $1522 [768] $1522 [768] $1522 [768] $1522 [768] $1522 [768] $1522 [768] $1522 [768] $1522 [768] $1522 [768] $1522 [768] $1522 [768] $1522 [768] $1522 [768] $1522 [768] $1522 [768] $1522 [768] $1522 [768] }
    Consolidated identical input bits for $mux cell $procmux$30905:
      Old ports: A=0, B=32'11111111111111111111111111111111, Y=$1522 [831:800]
      New ports: A=1'0, B=1'1, Y=$1522 [800]
      New connections: $1522 [831:801] = { $1522 [800] $1522 [800] $1522 [800] $1522 [800] $1522 [800] $1522 [800] $1522 [800] $1522 [800] $1522 [800] $1522 [800] $1522 [800] $1522 [800] $1522 [800] $1522 [800] $1522 [800] $1522 [800] $1522 [800] $1522 [800] $1522 [800] $1522 [800] $1522 [800] $1522 [800] $1522 [800] $1522 [800] $1522 [800] $1522 [800] $1522 [800] $1522 [800] $1522 [800] $1522 [800] $1522 [800] }
    Consolidated identical input bits for $mux cell $procmux$30912:
      Old ports: A=0, B=32'11111111111111111111111111111111, Y=$1522 [863:832]
      New ports: A=1'0, B=1'1, Y=$1522 [832]
      New connections: $1522 [863:833] = { $1522 [832] $1522 [832] $1522 [832] $1522 [832] $1522 [832] $1522 [832] $1522 [832] $1522 [832] $1522 [832] $1522 [832] $1522 [832] $1522 [832] $1522 [832] $1522 [832] $1522 [832] $1522 [832] $1522 [832] $1522 [832] $1522 [832] $1522 [832] $1522 [832] $1522 [832] $1522 [832] $1522 [832] $1522 [832] $1522 [832] $1522 [832] $1522 [832] $1522 [832] $1522 [832] $1522 [832] }
    Consolidated identical input bits for $mux cell $procmux$30919:
      Old ports: A=0, B=32'11111111111111111111111111111111, Y=$1522 [895:864]
      New ports: A=1'0, B=1'1, Y=$1522 [864]
      New connections: $1522 [895:865] = { $1522 [864] $1522 [864] $1522 [864] $1522 [864] $1522 [864] $1522 [864] $1522 [864] $1522 [864] $1522 [864] $1522 [864] $1522 [864] $1522 [864] $1522 [864] $1522 [864] $1522 [864] $1522 [864] $1522 [864] $1522 [864] $1522 [864] $1522 [864] $1522 [864] $1522 [864] $1522 [864] $1522 [864] $1522 [864] $1522 [864] $1522 [864] $1522 [864] $1522 [864] $1522 [864] $1522 [864] }
    Consolidated identical input bits for $mux cell $procmux$30926:
      Old ports: A=0, B=32'11111111111111111111111111111111, Y=$1522 [927:896]
      New ports: A=1'0, B=1'1, Y=$1522 [896]
      New connections: $1522 [927:897] = { $1522 [896] $1522 [896] $1522 [896] $1522 [896] $1522 [896] $1522 [896] $1522 [896] $1522 [896] $1522 [896] $1522 [896] $1522 [896] $1522 [896] $1522 [896] $1522 [896] $1522 [896] $1522 [896] $1522 [896] $1522 [896] $1522 [896] $1522 [896] $1522 [896] $1522 [896] $1522 [896] $1522 [896] $1522 [896] $1522 [896] $1522 [896] $1522 [896] $1522 [896] $1522 [896] $1522 [896] }
    Consolidated identical input bits for $mux cell $procmux$30933:
      Old ports: A=0, B=32'11111111111111111111111111111111, Y=$1522 [959:928]
      New ports: A=1'0, B=1'1, Y=$1522 [928]
      New connections: $1522 [959:929] = { $1522 [928] $1522 [928] $1522 [928] $1522 [928] $1522 [928] $1522 [928] $1522 [928] $1522 [928] $1522 [928] $1522 [928] $1522 [928] $1522 [928] $1522 [928] $1522 [928] $1522 [928] $1522 [928] $1522 [928] $1522 [928] $1522 [928] $1522 [928] $1522 [928] $1522 [928] $1522 [928] $1522 [928] $1522 [928] $1522 [928] $1522 [928] $1522 [928] $1522 [928] $1522 [928] $1522 [928] }
    Consolidated identical input bits for $mux cell $procmux$30940:
      Old ports: A=0, B=32'11111111111111111111111111111111, Y=$1522 [991:960]
      New ports: A=1'0, B=1'1, Y=$1522 [960]
      New connections: $1522 [991:961] = { $1522 [960] $1522 [960] $1522 [960] $1522 [960] $1522 [960] $1522 [960] $1522 [960] $1522 [960] $1522 [960] $1522 [960] $1522 [960] $1522 [960] $1522 [960] $1522 [960] $1522 [960] $1522 [960] $1522 [960] $1522 [960] $1522 [960] $1522 [960] $1522 [960] $1522 [960] $1522 [960] $1522 [960] $1522 [960] $1522 [960] $1522 [960] $1522 [960] $1522 [960] $1522 [960] $1522 [960] }
    Consolidated identical input bits for $mux cell $procmux$3130:
      Old ports: A=2'10, B=2'00, Y=$adbg_tap_top.next_TAP_state$23388
      New ports: A=1'1, B=1'0, Y=$adbg_tap_top.next_TAP_state$23388 [1]
      New connections: $adbg_tap_top.next_TAP_state$23388 [0] = 1'0
    Consolidated identical input bits for $mux cell $procmux$31366:
      Old ports: A={ \riscv_core.id_stage_i.operand_b [15:0] \riscv_core.id_stage_i.operand_b [15:0] }, B={ \riscv_core.id_stage_i.operand_b [7:0] \riscv_core.id_stage_i.operand_b [7:0] \riscv_core.id_stage_i.operand_b [7:0] \riscv_core.id_stage_i.operand_b [7:0] }, Y=\riscv_core.id_stage_i.operand_b_vec
      New ports: A=\riscv_core.id_stage_i.operand_b [15:8], B=\riscv_core.id_stage_i.operand_b [7:0], Y=\riscv_core.id_stage_i.operand_b_vec [15:8]
      New connections: { \riscv_core.id_stage_i.operand_b_vec [31:16] \riscv_core.id_stage_i.operand_b_vec [7:0] } = { \riscv_core.id_stage_i.operand_b_vec [15:8] \riscv_core.id_stage_i.operand_b [7:0] \riscv_core.id_stage_i.operand_b [7:0] }
    Consolidated identical input bits for $mux cell $procmux$31369:
      Old ports: A={ 9'000000000 \riscv_core.if_stage_i.instr_rdata_id_o [20] 15'000000000000000 \riscv_core.if_stage_i.instr_rdata_id_o [25] }, B={ \riscv_core.if_stage_i.instr_rdata_id_o [28:27] 6'000000 \riscv_core.if_stage_i.instr_rdata_id_o [24:23] 6'000000 \riscv_core.if_stage_i.instr_rdata_id_o [22:21] 6'000000 \riscv_core.if_stage_i.instr_rdata_id_o [20] \riscv_core.if_stage_i.instr_rdata_id_o [25] }, Y=\riscv_core.id_stage_i.imm_shuffle_type [25:0]
      New ports: A={ 3'000 \riscv_core.if_stage_i.instr_rdata_id_o [20] 3'000 }, B={ \riscv_core.if_stage_i.instr_rdata_id_o [28:27] \riscv_core.if_stage_i.instr_rdata_id_o [24:20] }, Y={ \riscv_core.id_stage_i.imm_shuffle_type [25:24] \riscv_core.id_stage_i.imm_shuffle_type [17:16] \riscv_core.id_stage_i.imm_shuffle_type [9:8] \riscv_core.id_stage_i.imm_shuffle_type [1] }
      New connections: { \riscv_core.id_stage_i.imm_shuffle_type [23:18] \riscv_core.id_stage_i.imm_shuffle_type [15:10] \riscv_core.id_stage_i.imm_shuffle_type [7:2] \riscv_core.id_stage_i.imm_shuffle_type [0] } = { 18'000000000000000000 \riscv_core.if_stage_i.instr_rdata_id_o [25] }
    Consolidated identical input bits for $mux cell $procmux$31479:
      Old ports: A={ \riscv_core.if_stage_i.compressed_decoder_i.instr_i [6:2] \riscv_core.if_stage_i.compressed_decoder_i.instr_i [11:7] 3'000 \riscv_core.if_stage_i.compressed_decoder_i.instr_i [11:7] 7'0110011 }, B={ 5'00000 \riscv_core.if_stage_i.compressed_decoder_i.instr_i [11:7] 15'000000011100111 }, Y=$auto$wreduce.cc:514:run$55169 [24:0]
      New ports: A={ \riscv_core.if_stage_i.compressed_decoder_i.instr_i [6:2] \riscv_core.if_stage_i.compressed_decoder_i.instr_i [11:7] 2'10 }, B=12'000000000101, Y={ $auto$wreduce.cc:514:run$55169 [24:20] $auto$wreduce.cc:514:run$55169 [11:7] $auto$wreduce.cc:514:run$55169 [4] $auto$wreduce.cc:514:run$55169 [2] }
      New connections: { $auto$wreduce.cc:514:run$55169 [19:12] $auto$wreduce.cc:514:run$55169 [6:5] $auto$wreduce.cc:514:run$55169 [3] $auto$wreduce.cc:514:run$55169 [1:0] } = { \riscv_core.if_stage_i.compressed_decoder_i.instr_i [11:7] 3'000 $auto$wreduce.cc:514:run$55169 [2] 4'1011 }
    Consolidated identical input bits for $mux cell $procmux$31556:
      Old ports: A={ \riscv_core.if_stage_i.compressed_decoder_i.instr_i [6:2] 8'00000000 \riscv_core.if_stage_i.compressed_decoder_i.instr_i [11:7] 7'0110011 }, B={ 5'00000 \riscv_core.if_stage_i.compressed_decoder_i.instr_i [11:7] 15'000000001100111 }, Y=$auto$wreduce.cc:514:run$55163 [24:0]
      New ports: A={ \riscv_core.if_stage_i.compressed_decoder_i.instr_i [6:2] 5'00000 \riscv_core.if_stage_i.compressed_decoder_i.instr_i [11:7] 2'10 }, B={ 5'00000 \riscv_core.if_stage_i.compressed_decoder_i.instr_i [11:7] 7'0000001 }, Y={ $auto$wreduce.cc:514:run$55163 [24:15] $auto$wreduce.cc:514:run$55163 [11:7] $auto$wreduce.cc:514:run$55163 [4] $auto$wreduce.cc:514:run$55163 [2] }
      New connections: { $auto$wreduce.cc:514:run$55163 [14:12] $auto$wreduce.cc:514:run$55163 [6:5] $auto$wreduce.cc:514:run$55163 [3] $auto$wreduce.cc:514:run$55163 [1:0] } = { 3'000 $auto$wreduce.cc:514:run$55163 [2] 4'1011 }
    Consolidated identical input bits for $pmux cell $procmux$31678:
      Old ports: A=31'0000000000000000000000000000000, B={ 8'10000001 \riscv_core.if_stage_i.compressed_decoder_i.instr_i [4:2] 2'01 \riscv_core.if_stage_i.compressed_decoder_i.instr_i [9:7] 5'00001 \riscv_core.if_stage_i.compressed_decoder_i.instr_i [9:7] 15'011001100000001 \riscv_core.if_stage_i.compressed_decoder_i.instr_i [4:2] 2'01 \riscv_core.if_stage_i.compressed_decoder_i.instr_i [9:7] 5'10001 \riscv_core.if_stage_i.compressed_decoder_i.instr_i [9:7] 15'011001100000001 \riscv_core.if_stage_i.compressed_decoder_i.instr_i [4:2] 2'01 \riscv_core.if_stage_i.compressed_decoder_i.instr_i [9:7] 5'11001 \riscv_core.if_stage_i.compressed_decoder_i.instr_i [9:7] 15'011001100000001 \riscv_core.if_stage_i.compressed_decoder_i.instr_i [4:2] 2'01 \riscv_core.if_stage_i.compressed_decoder_i.instr_i [9:7] 5'11101 \riscv_core.if_stage_i.compressed_decoder_i.instr_i [9:7] 7'0110011 }, Y=$auto$wreduce.cc:514:run$55149 [30:0]
      New ports: A=11'00000000000, B={ 1'1 \riscv_core.if_stage_i.compressed_decoder_i.instr_i [4:2] 3'000 \riscv_core.if_stage_i.compressed_decoder_i.instr_i [9:7] 2'10 \riscv_core.if_stage_i.compressed_decoder_i.instr_i [4:2] 3'100 \riscv_core.if_stage_i.compressed_decoder_i.instr_i [9:7] 2'10 \riscv_core.if_stage_i.compressed_decoder_i.instr_i [4:2] 3'110 \riscv_core.if_stage_i.compressed_decoder_i.instr_i [9:7] 2'10 \riscv_core.if_stage_i.compressed_decoder_i.instr_i [4:2] 3'111 \riscv_core.if_stage_i.compressed_decoder_i.instr_i [9:7] 1'1 }, Y={ $auto$wreduce.cc:514:run$55149 [30] $auto$wreduce.cc:514:run$55149 [22:20] $auto$wreduce.cc:514:run$55149 [14:12] $auto$wreduce.cc:514:run$55149 [9:7] $auto$wreduce.cc:514:run$55149 [0] }
      New connections: { $auto$wreduce.cc:514:run$55149 [29:23] $auto$wreduce.cc:514:run$55149 [19:15] $auto$wreduce.cc:514:run$55149 [11:10] $auto$wreduce.cc:514:run$55149 [6:1] } = { 6'000000 $auto$wreduce.cc:514:run$55149 [0] 1'0 $auto$wreduce.cc:514:run$55149 [0] $auto$wreduce.cc:514:run$55149 [9:7] 1'0 $auto$wreduce.cc:514:run$55149 [0] 1'0 $auto$wreduce.cc:514:run$55149 [0] $auto$wreduce.cc:514:run$55149 [0] 2'00 $auto$wreduce.cc:514:run$55149 [0] }
    Consolidated identical input bits for $mux cell $procmux$31782:
      Old ports: A={ \riscv_core.if_stage_i.compressed_decoder_i.instr_i [12] \riscv_core.if_stage_i.compressed_decoder_i.instr_i [12] \riscv_core.if_stage_i.compressed_decoder_i.instr_i [12] \riscv_core.if_stage_i.compressed_decoder_i.instr_i [12] \riscv_core.if_stage_i.compressed_decoder_i.instr_i [12] \riscv_core.if_stage_i.compressed_decoder_i.instr_i [12] \riscv_core.if_stage_i.compressed_decoder_i.instr_i [12] \riscv_core.if_stage_i.compressed_decoder_i.instr_i [12] \riscv_core.if_stage_i.compressed_decoder_i.instr_i [12] \riscv_core.if_stage_i.compressed_decoder_i.instr_i [12] \riscv_core.if_stage_i.compressed_decoder_i.instr_i [12] \riscv_core.if_stage_i.compressed_decoder_i.instr_i [12] \riscv_core.if_stage_i.compressed_decoder_i.instr_i [6:2] \riscv_core.if_stage_i.compressed_decoder_i.instr_i [11:7] 7'0110111 }, B={ \riscv_core.if_stage_i.compressed_decoder_i.instr_i [4:3] \riscv_core.if_stage_i.compressed_decoder_i.instr_i [5] \riscv_core.if_stage_i.compressed_decoder_i.instr_i [2] \riscv_core.if_stage_i.compressed_decoder_i.instr_i [6] 24'000000010000000100010011 }, Y=$procmux$31782_Y [28:0]
      New ports: A={ \riscv_core.if_stage_i.compressed_decoder_i.instr_i [12] \riscv_core.if_stage_i.compressed_decoder_i.instr_i [12] \riscv_core.if_stage_i.compressed_decoder_i.instr_i [12] \riscv_core.if_stage_i.compressed_decoder_i.instr_i [12] \riscv_core.if_stage_i.compressed_decoder_i.instr_i [12] \riscv_core.if_stage_i.compressed_decoder_i.instr_i [12] \riscv_core.if_stage_i.compressed_decoder_i.instr_i [6:2] \riscv_core.if_stage_i.compressed_decoder_i.instr_i [11:7] 1'1 }, B={ \riscv_core.if_stage_i.compressed_decoder_i.instr_i [4:3] \riscv_core.if_stage_i.compressed_decoder_i.instr_i [5] \riscv_core.if_stage_i.compressed_decoder_i.instr_i [2] \riscv_core.if_stage_i.compressed_decoder_i.instr_i [6] 12'010000000100 }, Y={ $procmux$31782_Y [28:24] $procmux$31782_Y [17:7] $procmux$31782_Y [2] }
      New connections: { $procmux$31782_Y [23:18] $procmux$31782_Y [6:3] $procmux$31782_Y [1:0] } = { $procmux$31782_Y [17] $procmux$31782_Y [17] $procmux$31782_Y [17] $procmux$31782_Y [17] $procmux$31782_Y [17] $procmux$31782_Y [17] 1'0 $procmux$31782_Y [2] 4'1011 }
    Consolidated identical input bits for $pmux cell $procmux$31911:
      Old ports: A=30'000000000000000000000000000000, B={ \riscv_core.if_stage_i.compressed_decoder_i.instr_i [10:7] \riscv_core.if_stage_i.compressed_decoder_i.instr_i [12:11] \riscv_core.if_stage_i.compressed_decoder_i.instr_i [5] \riscv_core.if_stage_i.compressed_decoder_i.instr_i [6] 12'000001000001 \riscv_core.if_stage_i.compressed_decoder_i.instr_i [4:2] 10'0010011000 \riscv_core.if_stage_i.compressed_decoder_i.instr_i [5] \riscv_core.if_stage_i.compressed_decoder_i.instr_i [12:10] \riscv_core.if_stage_i.compressed_decoder_i.instr_i [6] 4'0001 \riscv_core.if_stage_i.compressed_decoder_i.instr_i [9:7] 5'01001 \riscv_core.if_stage_i.compressed_decoder_i.instr_i [4:2] 10'0000011000 \riscv_core.if_stage_i.compressed_decoder_i.instr_i [5] \riscv_core.if_stage_i.compressed_decoder_i.instr_i [12] 2'01 \riscv_core.if_stage_i.compressed_decoder_i.instr_i [4:2] 2'01 \riscv_core.if_stage_i.compressed_decoder_i.instr_i [9:7] 3'010 \riscv_core.if_stage_i.compressed_decoder_i.instr_i [11:10] \riscv_core.if_stage_i.compressed_decoder_i.instr_i [6] 9'000100011 }, Y=$auto$wreduce.cc:514:run$55137 [29:0]
      New ports: A=22'0000000000000000000000, B={ \riscv_core.if_stage_i.compressed_decoder_i.instr_i [10:7] \riscv_core.if_stage_i.compressed_decoder_i.instr_i [12:11] \riscv_core.if_stage_i.compressed_decoder_i.instr_i [5] \riscv_core.if_stage_i.compressed_decoder_i.instr_i [6] 8'00010001 \riscv_core.if_stage_i.compressed_decoder_i.instr_i [4:2] 6'011000 \riscv_core.if_stage_i.compressed_decoder_i.instr_i [5] \riscv_core.if_stage_i.compressed_decoder_i.instr_i [12:10] \riscv_core.if_stage_i.compressed_decoder_i.instr_i [6] 2'00 \riscv_core.if_stage_i.compressed_decoder_i.instr_i [9:7] 3'101 \riscv_core.if_stage_i.compressed_decoder_i.instr_i [4:2] 6'001000 \riscv_core.if_stage_i.compressed_decoder_i.instr_i [5] \riscv_core.if_stage_i.compressed_decoder_i.instr_i [12] 2'01 \riscv_core.if_stage_i.compressed_decoder_i.instr_i [4:2] \riscv_core.if_stage_i.compressed_decoder_i.instr_i [9:7] 1'1 \riscv_core.if_stage_i.compressed_decoder_i.instr_i [11:10] \riscv_core.if_stage_i.compressed_decoder_i.instr_i [6] 5'00101 }, Y={ $auto$wreduce.cc:514:run$55137 [29:20] $auto$wreduce.cc:514:run$55137 [17:15] $auto$wreduce.cc:514:run$55137 [13] $auto$wreduce.cc:514:run$55137 [11:7] $auto$wreduce.cc:514:run$55137 [5:4] $auto$wreduce.cc:514:run$55137 [0] }
      New connections: { $auto$wreduce.cc:514:run$55137 [19:18] $auto$wreduce.cc:514:run$55137 [14] $auto$wreduce.cc:514:run$55137 [12] $auto$wreduce.cc:514:run$55137 [6] $auto$wreduce.cc:514:run$55137 [3:1] } = { 1'0 $auto$wreduce.cc:514:run$55137 [13] 5'00000 $auto$wreduce.cc:514:run$55137 [0] }
    Consolidated identical input bits for $mux cell $procmux$32538:
      Old ports: A=2'11, B=2'00, Y=$auto$wreduce.cc:514:run$55234 [1:0]
      New ports: A=1'1, B=1'0, Y=$auto$wreduce.cc:514:run$55234 [0]
      New connections: $auto$wreduce.cc:514:run$55234 [1] = $auto$wreduce.cc:514:run$55234 [0]
    Consolidated identical input bits for $mux cell $procmux$32739:
      Old ports: A={ \riscv_core.if_stage_i.prefetch_32.prefetch_buffer_i.fifo_i.addr_next [31:2] 2'00 }, B={ \riscv_core.if_stage_i.prefetch_32.prefetch_buffer_i.fifo_i.addr_int [127:98] 2'10 }, Y=$procmux$32739_Y
      New ports: A={ \riscv_core.if_stage_i.prefetch_32.prefetch_buffer_i.fifo_i.addr_next [31:2] 1'0 }, B={ \riscv_core.if_stage_i.prefetch_32.prefetch_buffer_i.fifo_i.addr_int [127:98] 1'1 }, Y=$procmux$32739_Y [31:1]
      New connections: $procmux$32739_Y [0] = 1'0
    Consolidated identical input bits for $mux cell $procmux$32803:
      Old ports: A=2'10, B=2'00, Y=$procmux$32803_Y [1:0]
      New ports: A=1'1, B=1'0, Y=$procmux$32803_Y [1]
      New connections: $procmux$32803_Y [0] = 1'0
    Consolidated identical input bits for $mux cell $procmux$3314:
      Old ports: A=4'1100, B=4'0111, Y=$adbg_tap_top.next_TAP_state$23384
      New ports: A=2'10, B=2'01, Y={ $adbg_tap_top.next_TAP_state$23384 [3] $adbg_tap_top.next_TAP_state$23384 [0] }
      New connections: $adbg_tap_top.next_TAP_state$23384 [2:1] = { 1'1 $adbg_tap_top.next_TAP_state$23384 [0] }
    Consolidated identical input bits for $pmux cell $procmux$33218:
      Old ports: A=0, B={ \riscv_core.if_stage_i.trap_base_addr 8'10000100 \riscv_core.if_stage_i.trap_base_addr 8'10001000 \riscv_core.if_stage_i.trap_base_addr 1'0 \riscv_core.if_stage_i.exc_vec_pc_mux_i 2'00 }, Y=\riscv_core.if_stage_i.exc_pc
      New ports: A=30'000000000000000000000000000000, B={ \riscv_core.if_stage_i.trap_base_addr 6'100001 \riscv_core.if_stage_i.trap_base_addr 6'100010 \riscv_core.if_stage_i.trap_base_addr 1'0 \riscv_core.if_stage_i.exc_vec_pc_mux_i }, Y=\riscv_core.if_stage_i.exc_pc [31:2]
      New connections: \riscv_core.if_stage_i.exc_pc [1:0] = 2'00
    Consolidated identical input bits for $mux cell $procmux$3427:
      Old ports: A=2'00, B=2'11, Y=$adbg_tap_top.next_TAP_state$23370
      New ports: A=1'0, B=1'1, Y=$adbg_tap_top.next_TAP_state$23370 [0]
      New connections: $adbg_tap_top.next_TAP_state$23370 [1] = $adbg_tap_top.next_TAP_state$23370 [0]
    Consolidated identical input bits for $mux cell $procmux$4306:
      Old ports: A=3'010, B=3'101, Y=$procmux$4306_Y
      New ports: A=2'10, B=2'01, Y=$procmux$4306_Y [1:0]
      New connections: $procmux$4306_Y [2] = $procmux$4306_Y [0]
    Consolidated identical input bits for $mux cell $procmux$4323:
      Old ports: A=3'001, B=3'100, Y=$procmux$4323_Y
      New ports: A=2'01, B=2'10, Y={ $procmux$4323_Y [2] $procmux$4323_Y [0] }
      New connections: $procmux$4323_Y [1] = 1'0
    Consolidated identical input bits for $mux cell $procmux$4700:
      Old ports: A=3'000, B={ 1'0 $auto$wreduce.cc:514:run$55143 [1:0] }, Y=$procmux$4551_Y
      New ports: A=2'00, B=$auto$wreduce.cc:514:run$55143 [1:0], Y=$procmux$4551_Y [1:0]
      New connections: $procmux$4551_Y [2] = 1'0
    Consolidated identical input bits for $mux cell $procmux$4940:
      Old ports: A=3'010, B=3'100, Y=$procmux$4940_Y
      New ports: A=2'01, B=2'10, Y=$procmux$4940_Y [2:1]
      New connections: $procmux$4940_Y [0] = 1'0
    Consolidated identical input bits for $mux cell $procmux$6547:
      Old ports: A=3'010, B=3'101, Y=$procmux$6547_Y
      New ports: A=2'10, B=2'01, Y=$procmux$6547_Y [1:0]
      New connections: $procmux$6547_Y [2] = $procmux$6547_Y [0]
    Consolidated identical input bits for $mux cell $procmux$6564:
      Old ports: A=3'001, B=3'100, Y=$procmux$6564_Y
      New ports: A=2'01, B=2'10, Y={ $procmux$6564_Y [2] $procmux$6564_Y [0] }
      New connections: $procmux$6564_Y [1] = 1'0
    Consolidated identical input bits for $mux cell $procmux$6785:
      Old ports: A=3'100, B=3'000, Y=$procmux$6785_Y
      New ports: A=1'1, B=1'0, Y=$procmux$6785_Y [2]
      New connections: $procmux$6785_Y [1:0] = 2'00
    Consolidated identical input bits for $mux cell $procmux$6836:
      Old ports: A=3'100, B=3'001, Y=$procmux$6836_Y
      New ports: A=2'10, B=2'01, Y={ $procmux$6836_Y [2] $procmux$6836_Y [0] }
      New connections: $procmux$6836_Y [1] = 1'0
    Consolidated identical input bits for $mux cell $procmux$6880:
      Old ports: A=9'000000000, B={ 8'00000000 $auto$wreduce.cc:514:run$55124 [0] }, Y=$procmux$6880_Y
      New ports: A=1'0, B=$auto$wreduce.cc:514:run$55124 [0], Y=$procmux$6880_Y [0]
      New connections: $procmux$6880_Y [8:1] = 8'00000000
    Consolidated identical input bits for $mux cell $procmux$7067:
      Old ports: A=3'011, B={ 1'0 $auto$wreduce.cc:514:run$55127 [1:0] }, Y=$procmux$7067_Y
      New ports: A=2'11, B=$auto$wreduce.cc:514:run$55127 [1:0], Y=$procmux$7067_Y [1:0]
      New connections: $procmux$7067_Y [2] = 1'0
    Consolidated identical input bits for $mux cell $procmux$7150:
      Old ports: A=3'011, B={ 1'0 $auto$wreduce.cc:514:run$55128 [1:0] }, Y=$procmux$7150_Y
      New ports: A=2'11, B=$auto$wreduce.cc:514:run$55128 [1:0], Y=$procmux$7150_Y [1:0]
      New connections: $procmux$7150_Y [2] = 1'0
    Consolidated identical input bits for $mux cell $procmux$7299:
      Old ports: A=2'00, B=2'10, Y=\soc_interconnect.axi64_2_lint32_i.B_RESP_int
      New ports: A=1'0, B=1'1, Y=\soc_interconnect.axi64_2_lint32_i.B_RESP_int [1]
      New connections: \soc_interconnect.axi64_2_lint32_i.B_RESP_int [0] = 1'0
    Consolidated identical input bits for $mux cell $procmux$7455:
      Old ports: A=2'10, B=2'00, Y=$procmux$7455_Y
      New ports: A=1'1, B=1'0, Y=$procmux$7455_Y [1]
      New connections: $procmux$7455_Y [0] = 1'0
    Consolidated identical input bits for $mux cell $procmux$7689:
      Old ports: A=2'10, B=2'00, Y=$procmux$7689_Y
      New ports: A=1'1, B=1'0, Y=$procmux$7689_Y [1]
      New connections: $procmux$7689_Y [0] = 1'0
    Consolidated identical input bits for $mux cell $procmux$7923:
      Old ports: A=2'10, B=2'00, Y=$procmux$7923_Y
      New ports: A=1'1, B=1'0, Y=$procmux$7923_Y [1]
      New connections: $procmux$7923_Y [0] = 1'0
    Consolidated identical input bits for $mux cell $procmux$8157:
      Old ports: A=2'10, B=2'00, Y=$procmux$8157_Y
      New ports: A=1'1, B=1'0, Y=$procmux$8157_Y [1]
      New connections: $procmux$8157_Y [0] = 1'0
    Consolidated identical input bits for $mux cell $procmux$8391:
      Old ports: A=2'10, B=2'00, Y=$procmux$8391_Y
      New ports: A=1'1, B=1'0, Y=$procmux$8391_Y [1]
      New connections: $procmux$8391_Y [0] = 1'0
    Consolidated identical input bits for $mux cell $procmux$8675:
      Old ports: A=2'00, B=2'11, Y=$auto$wreduce.cc:514:run$55136 [1:0]
      New ports: A=1'0, B=1'1, Y=$auto$wreduce.cc:514:run$55136 [0]
      New connections: $auto$wreduce.cc:514:run$55136 [1] = $auto$wreduce.cc:514:run$55136 [0]
    Consolidated identical input bits for $mux cell $procmux$8713:
      Old ports: A=3'010, B=3'100, Y=$procmux$8713_Y
      New ports: A=2'01, B=2'10, Y=$procmux$8713_Y [2:1]
      New connections: $procmux$8713_Y [0] = 1'0
    Consolidated identical input bits for $mux cell $procmux$9484:
      Old ports: A=2'00, B=2'10, Y=$procmux$9070_Y
      New ports: A=1'0, B=1'1, Y=$procmux$9070_Y [1]
      New connections: $procmux$9070_Y [0] = 1'0
    Consolidated identical input bits for $mux cell $procmux$9967:
      Old ports: A=2'00, B=2'10, Y=$procmux$10161_Y
      New ports: A=1'0, B=1'1, Y=$procmux$10161_Y [1]
      New connections: $procmux$10161_Y [0] = 1'0
  Optimizing cells in module \top_wrapper.
    Consolidated identical input bits for $mux cell $4055:
      Old ports: A=$4054y, B=\riscv_core.id_stage_i.alu_operand_a_ex_o, Y=\riscv_core.ex_stage_i.alu_i.shuffle_r0_in
      New ports: A={ $4054y [15:8] \riscv_core.id_stage_i.alu_operand_a_ex_o [7:0] $4054y [15:8] }, B=\riscv_core.id_stage_i.alu_operand_a_ex_o [31:8], Y=\riscv_core.ex_stage_i.alu_i.shuffle_r0_in [31:8]
      New connections: \riscv_core.ex_stage_i.alu_i.shuffle_r0_in [7:0] = \riscv_core.id_stage_i.alu_operand_a_ex_o [7:0]
    Consolidated identical input bits for $mux cell $4226:
      Old ports: A=\riscv_core.ex_stage_i.alu_i.alu_ff_i.index_nodes [44:40], B=\riscv_core.ex_stage_i.alu_i.alu_ff_i.index_nodes [39:35], Y=\riscv_core.ex_stage_i.alu_i.alu_ff_i.index_nodes [19:15]
      New ports: A={ 1'1 \riscv_core.ex_stage_i.alu_i.alu_ff_i.index_nodes [41:40] }, B={ 1'0 \riscv_core.ex_stage_i.alu_i.alu_ff_i.index_nodes [36:35] }, Y=\riscv_core.ex_stage_i.alu_i.alu_ff_i.index_nodes [17:15]
      New connections: \riscv_core.ex_stage_i.alu_i.alu_ff_i.index_nodes [19:18] = 2'00
    Consolidated identical input bits for $mux cell $4231:
      Old ports: A=\riscv_core.ex_stage_i.alu_i.alu_ff_i.index_nodes [54:50], B=\riscv_core.ex_stage_i.alu_i.alu_ff_i.index_nodes [49:45], Y=\riscv_core.ex_stage_i.alu_i.alu_ff_i.index_nodes [24:20]
      New ports: A={ 1'1 \riscv_core.ex_stage_i.alu_i.alu_ff_i.index_nodes [51:50] }, B={ 1'0 \riscv_core.ex_stage_i.alu_i.alu_ff_i.index_nodes [46:45] }, Y=\riscv_core.ex_stage_i.alu_i.alu_ff_i.index_nodes [22:20]
      New connections: \riscv_core.ex_stage_i.alu_i.alu_ff_i.index_nodes [24:23] = 2'01
    Consolidated identical input bits for $mux cell $4236:
      Old ports: A=\riscv_core.ex_stage_i.alu_i.alu_ff_i.index_nodes [64:60], B=\riscv_core.ex_stage_i.alu_i.alu_ff_i.index_nodes [59:55], Y=\riscv_core.ex_stage_i.alu_i.alu_ff_i.index_nodes [29:25]
      New ports: A={ 1'1 \riscv_core.ex_stage_i.alu_i.alu_ff_i.index_nodes [61:60] }, B={ 1'0 \riscv_core.ex_stage_i.alu_i.alu_ff_i.index_nodes [56:55] }, Y=\riscv_core.ex_stage_i.alu_i.alu_ff_i.index_nodes [27:25]
      New connections: \riscv_core.ex_stage_i.alu_i.alu_ff_i.index_nodes [29:28] = 2'10
    Consolidated identical input bits for $mux cell $4241:
      Old ports: A=\riscv_core.ex_stage_i.alu_i.alu_ff_i.index_nodes [74:70], B=\riscv_core.ex_stage_i.alu_i.alu_ff_i.index_nodes [69:65], Y=\riscv_core.ex_stage_i.alu_i.alu_ff_i.index_nodes [34:30]
      New ports: A={ 1'1 \riscv_core.ex_stage_i.alu_i.alu_ff_i.index_nodes [71:70] }, B={ 1'0 \riscv_core.ex_stage_i.alu_i.alu_ff_i.index_nodes [66:65] }, Y=\riscv_core.ex_stage_i.alu_i.alu_ff_i.index_nodes [32:30]
      New connections: \riscv_core.ex_stage_i.alu_i.alu_ff_i.index_nodes [34:33] = 2'11
    Consolidated identical input bits for $mux cell $658:
      Old ports: A=\riscv_core.id_stage_i.operand_b, B=\riscv_core.id_stage_i.operand_b_vec, Y=\riscv_core.id_stage_i.alu_operand_b
      New ports: A=\riscv_core.id_stage_i.operand_b [31:8], B={ \riscv_core.id_stage_i.operand_b_vec [15:8] \riscv_core.id_stage_i.operand_b [7:0] \riscv_core.id_stage_i.operand_b_vec [15:8] }, Y=\riscv_core.id_stage_i.alu_operand_b [31:8]
      New connections: \riscv_core.id_stage_i.alu_operand_b [7:0] = \riscv_core.id_stage_i.operand_b [7:0]
    Consolidated identical input bits for $pmux cell $procmux$22756:
      Old ports: A=4'1111, B={ $procmux$22730_Y 4'1100 }, Y=\riscv_core.ex_stage_i.alu_i.shuffle_through
      New ports: A=2'11, B={ $procmux$22730_Y [2] 3'110 }, Y={ \riscv_core.ex_stage_i.alu_i.shuffle_through [2] \riscv_core.ex_stage_i.alu_i.shuffle_through [0] }
      New connections: { \riscv_core.ex_stage_i.alu_i.shuffle_through [3] \riscv_core.ex_stage_i.alu_i.shuffle_through [1] } = { \riscv_core.ex_stage_i.alu_i.shuffle_through [2] \riscv_core.ex_stage_i.alu_i.shuffle_through [0] }
    Consolidated identical input bits for $mux cell $procmux$22809:
      Old ports: A=4'0000, B={ 1'1 $auto$wreduce.cc:514:run$55206 [2:0] }, Y=\riscv_core.ex_stage_i.alu_i.cmp_signed
      New ports: A=3'000, B={ 1'1 $auto$wreduce.cc:514:run$55206 [1:0] }, Y={ \riscv_core.ex_stage_i.alu_i.cmp_signed [3] \riscv_core.ex_stage_i.alu_i.cmp_signed [1:0] }
      New connections: \riscv_core.ex_stage_i.alu_i.cmp_signed [2] = \riscv_core.ex_stage_i.alu_i.cmp_signed [0]
    Consolidated identical input bits for $mux cell $procmux$24601:
      Old ports: A=2'00, B=$procmux$24587_Y, Y=$procmux$24601_Y
      New ports: A=1'0, B=$procmux$24587_Y [1], Y=$procmux$24601_Y [1]
      New connections: $procmux$24601_Y [0] = 1'0
    Consolidated identical input bits for $mux cell $procmux$24604:
      Old ports: A=2'00, B=$procmux$24592_Y, Y=$procmux$24604_Y
      New ports: A=1'0, B=$procmux$24592_Y [1], Y=$procmux$24604_Y [1]
      New connections: $procmux$24604_Y [0] = 1'0
    Consolidated identical input bits for $mux cell $procmux$24607:
      Old ports: A=2'00, B=$procmux$24596_Y, Y=$procmux$24607_Y
      New ports: A=1'0, B=$procmux$24596_Y [1], Y=$procmux$24607_Y [1]
      New connections: $procmux$24607_Y [0] = 1'0
    Consolidated identical input bits for $mux cell $procmux$24809:
      Old ports: A=$auto$wreduce.cc:514:run$55122 [2:0], B=3'000, Y=$auto$wreduce.cc:514:run$55125 [2:0]
      New ports: A=$auto$wreduce.cc:514:run$55122 [1:0], B=2'00, Y=$auto$wreduce.cc:514:run$55125 [1:0]
      New connections: $auto$wreduce.cc:514:run$55125 [2] = $auto$wreduce.cc:514:run$55125 [1]
    Consolidated identical input bits for $mux cell $procmux$25537:
      Old ports: A=$auto$wreduce.cc:514:run$55132 [1:0], B=2'00, Y=$auto$wreduce.cc:514:run$55133 [1:0]
      New ports: A=$auto$wreduce.cc:514:run$55132 [1], B=1'0, Y=$auto$wreduce.cc:514:run$55133 [1]
      New connections: $auto$wreduce.cc:514:run$55133 [0] = 1'0
    Consolidated identical input bits for $mux cell $procmux$26784:
      Old ports: A=$auto$wreduce.cc:514:run$55166 [1:0], B=2'00, Y=$auto$wreduce.cc:514:run$55171 [1:0]
      New ports: A=$auto$wreduce.cc:514:run$55166 [1], B=1'0, Y=$auto$wreduce.cc:514:run$55171 [1]
      New connections: $auto$wreduce.cc:514:run$55171 [0] = 1'0
    Consolidated identical input bits for $mux cell $procmux$27241:
      Old ports: A=2'00, B=$auto$wreduce.cc:514:run$55229 [1:0], Y=$auto$wreduce.cc:514:run$55227 [1:0]
      New ports: A=1'0, B=$auto$wreduce.cc:514:run$55229 [1], Y=$auto$wreduce.cc:514:run$55227 [1]
      New connections: $auto$wreduce.cc:514:run$55227 [0] = 1'0
    Consolidated identical input bits for $mux cell $procmux$27515:
      Old ports: A=2'00, B=$auto$wreduce.cc:514:run$55220 [1:0], Y=$auto$wreduce.cc:514:run$55215 [1:0]
      New ports: A=1'0, B=$auto$wreduce.cc:514:run$55220 [0], Y=$auto$wreduce.cc:514:run$55215 [0]
      New connections: $auto$wreduce.cc:514:run$55215 [1] = $auto$wreduce.cc:514:run$55215 [0]
    Consolidated identical input bits for $mux cell $procmux$27526:
      Old ports: A=3'000, B=$procmux$27288_Y, Y=$procmux$27526_Y
      New ports: A=1'0, B=$procmux$27288_Y [2], Y=$procmux$27526_Y [2]
      New connections: $procmux$27526_Y [1:0] = 2'00
    Consolidated identical input bits for $mux cell $procmux$28320:
      Old ports: A=$procmux$27876_Y, B={ 1'0 $auto$wreduce.cc:514:run$55204 [2:0] }, Y=$procmux$28320_Y
      New ports: A={ 1'0 $procmux$27876_Y [0] }, B={ $auto$wreduce.cc:514:run$55204 [2] 1'0 }, Y={ $procmux$28320_Y [2] $procmux$28320_Y [0] }
      New connections: { $procmux$28320_Y [3] $procmux$28320_Y [1] } = { $procmux$28320_Y [0] 1'0 }
    Consolidated identical input bits for $mux cell $procmux$28870:
      Old ports: A=3'010, B=$procmux$28570_Y, Y=$procmux$28870_Y
      New ports: A=2'01, B=$procmux$28570_Y [2:1], Y=$procmux$28870_Y [2:1]
      New connections: $procmux$28870_Y [0] = 1'0
    Consolidated identical input bits for $mux cell $procmux$29151:
      Old ports: A=$auto$wreduce.cc:514:run$55209 [1:0], B=2'00, Y=$auto$wreduce.cc:514:run$55201 [1:0]
      New ports: A=$auto$wreduce.cc:514:run$55209 [0], B=1'0, Y=$auto$wreduce.cc:514:run$55201 [0]
      New connections: $auto$wreduce.cc:514:run$55201 [1] = $auto$wreduce.cc:514:run$55201 [0]
    Consolidated identical input bits for $mux cell $procmux$29223:
      Old ports: A=2'10, B=$procmux$28981_Y, Y=$procmux$29223_Y
      New ports: A=1'1, B=$procmux$28981_Y [1], Y=$procmux$29223_Y [1]
      New connections: $procmux$29223_Y [0] = 1'0
    Consolidated identical input bits for $mux cell $procmux$29324:
      Old ports: A=$auto$wreduce.cc:514:run$55200 [5:0], B=6'100101, Y=$auto$wreduce.cc:514:run$55199 [5:0]
      New ports: A={ $auto$wreduce.cc:514:run$55200 [2] $auto$wreduce.cc:514:run$55200 [0] $auto$wreduce.cc:514:run$55200 [0] }, B=3'101, Y=$auto$wreduce.cc:514:run$55199 [2:0]
      New connections: $auto$wreduce.cc:514:run$55199 [5:3] = { $auto$wreduce.cc:514:run$55199 [2] 2'00 }
    Consolidated identical input bits for $mux cell $procmux$31498:
      Old ports: A=$auto$wreduce.cc:514:run$55169 [24:0], B=25'0000100000000000001110011, Y=$auto$wreduce.cc:514:run$55168 [24:0]
      New ports: A={ $auto$wreduce.cc:514:run$55169 [24:20] \riscv_core.if_stage_i.compressed_decoder_i.instr_i [11:7] $auto$wreduce.cc:514:run$55169 [11:7] $auto$wreduce.cc:514:run$55169 [2] $auto$wreduce.cc:514:run$55169 [4] $auto$wreduce.cc:514:run$55169 [2] }, B=18'000010000000000110, Y={ $auto$wreduce.cc:514:run$55168 [24:15] $auto$wreduce.cc:514:run$55168 [11:6] $auto$wreduce.cc:514:run$55168 [4] $auto$wreduce.cc:514:run$55168 [2] }
      New connections: { $auto$wreduce.cc:514:run$55168 [14:12] $auto$wreduce.cc:514:run$55168 [5] $auto$wreduce.cc:514:run$55168 [3] $auto$wreduce.cc:514:run$55168 [1:0] } = 7'0001011
    Consolidated identical input bits for $mux cell $procmux$32794:
      Old ports: A=$procmux$32739_Y, B={ \riscv_core.if_stage_i.prefetch_32.prefetch_buffer_i.fifo_i.addr_next [31:2] $procmux$32803_Y [1:0] }, Y=$procmux$32794_Y
      New ports: A=$procmux$32739_Y [31:1], B={ \riscv_core.if_stage_i.prefetch_32.prefetch_buffer_i.fifo_i.addr_next [31:2] $procmux$32803_Y [1] }, Y=$procmux$32794_Y [31:1]
      New connections: $procmux$32794_Y [0] = 1'0
    Consolidated identical input bits for $mux cell $procmux$5212:
      Old ports: A=3'011, B=$procmux$4551_Y, Y=$procmux$5212_Y
      New ports: A=2'11, B=$procmux$4551_Y [1:0], Y=$procmux$5212_Y [1:0]
      New connections: $procmux$5212_Y [2] = 1'0
    Consolidated identical input bits for $mux cell $procmux$7124:
      Old ports: A=3'000, B=$procmux$7150_Y, Y=$procmux$7124_Y
      New ports: A=2'00, B=$procmux$7150_Y [1:0], Y=$procmux$7124_Y [1:0]
      New connections: $procmux$7124_Y [2] = 1'0
  Optimizing cells in module \top_wrapper.
    Consolidated identical input bits for $mux cell $4216:
      Old ports: A=\riscv_core.ex_stage_i.alu_i.alu_ff_i.index_nodes [24:20], B=\riscv_core.ex_stage_i.alu_i.alu_ff_i.index_nodes [19:15], Y=\riscv_core.ex_stage_i.alu_i.alu_ff_i.index_nodes [9:5]
      New ports: A={ 1'1 \riscv_core.ex_stage_i.alu_i.alu_ff_i.index_nodes [22:20] }, B={ 1'0 \riscv_core.ex_stage_i.alu_i.alu_ff_i.index_nodes [17:15] }, Y=\riscv_core.ex_stage_i.alu_i.alu_ff_i.index_nodes [8:5]
      New connections: \riscv_core.ex_stage_i.alu_i.alu_ff_i.index_nodes [9] = 1'0
    Consolidated identical input bits for $mux cell $4221:
      Old ports: A=\riscv_core.ex_stage_i.alu_i.alu_ff_i.index_nodes [34:30], B=\riscv_core.ex_stage_i.alu_i.alu_ff_i.index_nodes [29:25], Y=\riscv_core.ex_stage_i.alu_i.alu_ff_i.index_nodes [14:10]
      New ports: A={ 1'1 \riscv_core.ex_stage_i.alu_i.alu_ff_i.index_nodes [32:30] }, B={ 1'0 \riscv_core.ex_stage_i.alu_i.alu_ff_i.index_nodes [27:25] }, Y=\riscv_core.ex_stage_i.alu_i.alu_ff_i.index_nodes [13:10]
      New connections: \riscv_core.ex_stage_i.alu_i.alu_ff_i.index_nodes [14] = 1'1
    Consolidated identical input bits for $mux cell $procmux$25718:
      Old ports: A=2'00, B=$auto$wreduce.cc:514:run$55133 [1:0], Y=$auto$wreduce.cc:514:run$55134 [1:0]
      New ports: A=1'0, B=$auto$wreduce.cc:514:run$55133 [1], Y=$auto$wreduce.cc:514:run$55134 [1]
      New connections: $auto$wreduce.cc:514:run$55134 [0] = 1'0
    Consolidated identical input bits for $mux cell $procmux$31545:
      Old ports: A=$auto$wreduce.cc:514:run$55163 [24:0], B=$auto$wreduce.cc:514:run$55168 [24:0], Y=$auto$wreduce.cc:514:run$55165 [24:0]
      New ports: A={ $auto$wreduce.cc:514:run$55163 [24:15] $auto$wreduce.cc:514:run$55163 [11:7] $auto$wreduce.cc:514:run$55163 [2] $auto$wreduce.cc:514:run$55163 [4] $auto$wreduce.cc:514:run$55163 [2] }, B={ $auto$wreduce.cc:514:run$55168 [24:15] $auto$wreduce.cc:514:run$55168 [11:6] $auto$wreduce.cc:514:run$55168 [4] $auto$wreduce.cc:514:run$55168 [2] }, Y={ $auto$wreduce.cc:514:run$55165 [24:15] $auto$wreduce.cc:514:run$55165 [11:6] $auto$wreduce.cc:514:run$55165 [4] $auto$wreduce.cc:514:run$55165 [2] }
      New connections: { $auto$wreduce.cc:514:run$55165 [14:12] $auto$wreduce.cc:514:run$55165 [5] $auto$wreduce.cc:514:run$55165 [3] $auto$wreduce.cc:514:run$55165 [1:0] } = 7'0001011
    Consolidated identical input bits for $mux cell $procmux$5424:
      Old ports: A=3'001, B=$procmux$5212_Y, Y=$procmux$5424_Y
      New ports: A=2'01, B=$procmux$5212_Y [1:0], Y=$procmux$5424_Y [1:0]
      New connections: $procmux$5424_Y [2] = 1'0
  Optimizing cells in module \top_wrapper.
    Consolidated identical input bits for $pmux cell $procmux$31653:
      Old ports: A=28'0000000000000000000000000000, B={ 3'000 \riscv_core.if_stage_i.compressed_decoder_i.instr_i [6:2] \riscv_core.if_stage_i.compressed_decoder_i.instr_i [11:7] 3'001 \riscv_core.if_stage_i.compressed_decoder_i.instr_i [11:7] 7'0010011 \riscv_core.if_stage_i.compressed_decoder_i.instr_i [3:2] \riscv_core.if_stage_i.compressed_decoder_i.instr_i [12] \riscv_core.if_stage_i.compressed_decoder_i.instr_i [6:4] 10'0000010010 \riscv_core.if_stage_i.compressed_decoder_i.instr_i [11:7] 10'0000011000 $auto$wreduce.cc:514:run$55165 [24:0] \riscv_core.if_stage_i.compressed_decoder_i.instr_i [8:7] \riscv_core.if_stage_i.compressed_decoder_i.instr_i [12] \riscv_core.if_stage_i.compressed_decoder_i.instr_i [6:2] 8'00010010 \riscv_core.if_stage_i.compressed_decoder_i.instr_i [11:9] 9'000100011 }, Y=$auto$wreduce.cc:514:run$55158 [27:0]
      New ports: A=25'0000000000000000000000000, B={ 3'000 \riscv_core.if_stage_i.compressed_decoder_i.instr_i [6:2] \riscv_core.if_stage_i.compressed_decoder_i.instr_i [11:7] 2'01 \riscv_core.if_stage_i.compressed_decoder_i.instr_i [11:7] 5'00101 \riscv_core.if_stage_i.compressed_decoder_i.instr_i [3:2] \riscv_core.if_stage_i.compressed_decoder_i.instr_i [12] \riscv_core.if_stage_i.compressed_decoder_i.instr_i [6:4] 9'000001010 \riscv_core.if_stage_i.compressed_decoder_i.instr_i [11:7] 8'00001000 $auto$wreduce.cc:514:run$55165 [24:15] 2'00 $auto$wreduce.cc:514:run$55165 [11:6] 1'1 $auto$wreduce.cc:514:run$55165 [4] $auto$wreduce.cc:514:run$55165 [2] 1'1 \riscv_core.if_stage_i.compressed_decoder_i.instr_i [8:7] \riscv_core.if_stage_i.compressed_decoder_i.instr_i [12] \riscv_core.if_stage_i.compressed_decoder_i.instr_i [6:2] 7'0001010 \riscv_core.if_stage_i.compressed_decoder_i.instr_i [11:9] 7'0001001 }, Y={ $auto$wreduce.cc:514:run$55158 [27:15] $auto$wreduce.cc:514:run$55158 [13:4] $auto$wreduce.cc:514:run$55158 [2] $auto$wreduce.cc:514:run$55158 [0] }
      New connections: { $auto$wreduce.cc:514:run$55158 [14] $auto$wreduce.cc:514:run$55158 [3] $auto$wreduce.cc:514:run$55158 [1] } = { 2'00 $auto$wreduce.cc:514:run$55158 [0] }
  Optimizing cells in module \top_wrapper.
Performed a total of 196 changes.

6.5. Executing OPT_MERGE pass (detect identical cells).
Finding identical cells in module `\top_wrapper'.
Computing hashes of 29328 cells of `\top_wrapper'.
Finding duplicate cells in `\top_wrapper'.
Computing hashes of 28322 cells of `\top_wrapper'.
Finding duplicate cells in `\top_wrapper'.
Computing hashes of 28321 cells of `\top_wrapper'.
Finding duplicate cells in `\top_wrapper'.
<suppressed ~3021 debug messages>
Removed a total of 1007 cells.

6.6. Executing OPT_SHARE pass.
    Found cells that share an operand and can be merged by moving the $mux $4481 in front of them:
        $4479
        $4480

    Found cells that share an operand and can be merged by moving the $mux $procmux$20903 in front of them:
        $procmux$21412
        $procmux$20875

    Found cells that share an operand and can be merged by moving the $pmux $procmux$22439 in front of them:
        $4674
        $4659

    Found cells that share an operand and can be merged by moving the $pmux $procmux$22525 in front of them:
        $4403
        $4542

    Found cells that share an operand and can be merged by moving the $pmux $procmux$22525 in front of them:
        $4401
        $4541

    Found cells that share an operand and can be merged by moving the $pmux $procmux$24654 in front of them:
        $3000
        $2999
        $2998

    Found cells that share an operand and can be merged by moving the $pmux $procmux$31404 in front of them:
        $628
        $627

    Found cells that share an operand and can be merged by moving the $pmux $procmux$31414 in front of them:
        $605
        $604

    Found cells that share an operand and can be merged by moving the $pmux $procmux$4461 in front of them:
        $procmux$3944
        $procmux$4090

    Found cells that share an operand and can be merged by moving the $pmux $procmux$4519 in front of them:
        $procmux$3962
        $procmux$4111

    Found cells that share an operand and can be merged by moving the $mux $procmux$5988 in front of them:
        $22427
        $22345

    Found cells that share an operand and can be merged by moving the $pmux $procmux$6702 in front of them:
        $procmux$6185
        $procmux$6331

    Found cells that share an operand and can be merged by moving the $pmux $procmux$6760 in front of them:
        $procmux$6203
        $procmux$6352

    Found cells that share an operand and can be merged by moving the $mux $procmux$7235 in front of them:
        $22165
        $22139

6.7. Executing OPT_DFF pass (perform DFF optimizations).

6.8. Executing OPT_CLEAN pass (remove unused cells and wires).
Finding unused cells or wires in module \top_wrapper..
Removed 28319 unused cells and 32110 unused wires.
<suppressed ~35107 debug messages>

6.9. Executing OPT_EXPR pass (perform const folding).
Optimizing module top_wrapper.
<suppressed ~660 debug messages>

6.10. Rerunning OPT passes. (Maybe there is more to do..)

6.11. Executing OPT_MUXTREE pass (detect dead branches in mux trees).
Running muxtree optimizer on module \top_wrapper..
  Creating internal representation of mux trees.
  No muxes found in this module.
Removed 0 multiplexer ports.

6.12. Executing OPT_REDUCE pass (consolidate $*mux and $reduce_* inputs).
  Optimizing cells in module \top_wrapper.
Performed a total of 0 changes.

6.13. Executing OPT_MERGE pass (detect identical cells).
Finding identical cells in module `\top_wrapper'.
Computing hashes of 0 cells of `\top_wrapper'.
Finding duplicate cells in `\top_wrapper'.
Removed a total of 0 cells.

6.14. Executing OPT_SHARE pass.

6.15. Executing OPT_DFF pass (perform DFF optimizations).

6.16. Executing OPT_CLEAN pass (remove unused cells and wires).
Finding unused cells or wires in module \top_wrapper..

6.17. Executing OPT_EXPR pass (perform const folding).
Optimizing module top_wrapper.

6.18. Finished fast OPT passes. (There is nothing left to do.)

7. Executing TECHMAP pass (map to technology primitives).

7.1. Executing Verilog-2005 frontend: /home/ljh/haveFun/tools/oss-cad-suite/lib/../share/yosys/techmap.v
Parsing Verilog input from `/home/ljh/haveFun/tools/oss-cad-suite/lib/../share/yosys/techmap.v' to AST representation.
Generating RTLIL representation for module `\_90_simplemap_bool_ops'.
Generating RTLIL representation for module `\_90_simplemap_reduce_ops'.
Generating RTLIL representation for module `\_90_simplemap_logic_ops'.
Generating RTLIL representation for module `\_90_simplemap_compare_ops'.
Generating RTLIL representation for module `\_90_simplemap_various'.
Generating RTLIL representation for module `\_90_simplemap_registers'.
Generating RTLIL representation for module `\_90_shift_ops_shr_shl_sshl_sshr'.
Generating RTLIL representation for module `\_90_shift_shiftx'.
Generating RTLIL representation for module `\_90_fa'.
Generating RTLIL representation for module `\_90_lcu_brent_kung'.
Generating RTLIL representation for module `\_90_alu'.
Generating RTLIL representation for module `\_90_macc'.
Generating RTLIL representation for module `\_90_alumacc'.
Generating RTLIL representation for module `$__div_mod_u'.
Generating RTLIL representation for module `$__div_mod_trunc'.
Generating RTLIL representation for module `\_90_div'.
Generating RTLIL representation for module `\_90_mod'.
Generating RTLIL representation for module `$__div_mod_floor'.
Generating RTLIL representation for module `\_90_divfloor'.
Generating RTLIL representation for module `\_90_modfloor'.
Generating RTLIL representation for module `\_90_pow'.
Generating RTLIL representation for module `\_90_pmux'.
Generating RTLIL representation for module `\_90_demux'.
Generating RTLIL representation for module `\_90_lut'.
Generating RTLIL representation for module `$connect'.
Generating RTLIL representation for module `$input_port'.
Successfully finished Verilog frontend.

7.2. Continuing TECHMAP pass.
No more expansions possible.
<suppressed ~77 debug messages>

8. Executing OPT pass (performing simple optimizations).

8.1. Executing OPT_EXPR pass (perform const folding).
Optimizing module top_wrapper.

8.2. Executing OPT_MERGE pass (detect identical cells).
Finding identical cells in module `\top_wrapper'.
Computing hashes of 0 cells of `\top_wrapper'.
Finding duplicate cells in `\top_wrapper'.
Removed a total of 0 cells.

8.3. Executing OPT_DFF pass (perform DFF optimizations).

8.4. Executing OPT_CLEAN pass (remove unused cells and wires).
Finding unused cells or wires in module \top_wrapper..

8.5. Finished fast OPT passes.

9. Executing MEMORY_MAP pass (converting memories to logic and flip-flops).

10. Executing FORMALFF pass.

11. Executing SIMPLEMAP pass (map simple cells to gate primitives).

12. Executing DFFUNMAP pass (unmap clock enable and synchronous reset from FFs).

13. Executing ABC pass (technology mapping using ABC).

13.1. Extracting gate netlist of module `\top_wrapper' to `<abc-temp-dir>/input.blif'..
Don't call ABC as there is nothing to map.

13.1.1. Executed ABC.
Extracted 0 gates and 0 wires to a netlist network with 0 inputs and 0 outputs.
Removing temp directory.
Removing global temp directory.

14. Executing OPT_CLEAN pass (remove unused cells and wires).
Finding unused cells or wires in module \top_wrapper..

15. Printing statistics.

=== top_wrapper ===

        +----------Local Count, excluding submodules.
        | 
     4370 wires
   147582 wire bits
     4370 public wires
   147582 public wire bits
      173 ports
     5034 port bits

16. Executing AIGER backend.

End of script. Logfile hash: ba3d597d57, time: 0.93s, user: 1.02s, system: 0.06s, MEM: 182.31 MB peak
Yosys 0.63+161 (git sha1 5fd39ff3e, clang++ 18.1.8 -fPIC -O3)
Time spent: 24% 4x opt_expr (0 sec), 18% 2x opt_reduce (0 sec), ...
